term,idf
ааа,3.506558
аба,4.60517
абак,4.60517
аббас,2.302585
аббревиатура,2.995732
абель,4.60517
абзац,2.65926
абитуриент,4.60517
абонентский,3.912023
абсолют,4.60517
абсолютно,2.813411
абсолютный,2.407946
абстрагирование,4.60517
абстрактный,2.813411
абстракция,2.813411
абсурд,4.60517
абсурдно,4.60517
абсурдность,4.60517
абсурдный,3.506558
абхазия,4.60517
ава,4.60517
авангард,4.60517
авансовый,4.60517
авансом,4.60517
авантюрист,4.60517
аварийный,3.912023
авария,3.218876
аватар,3.912023
авг,3.912023
август,2.207275
авдей,4.60517
авиабаза,4.60517
авиадвигатель,4.60517
авиадоставка,4.60517
авиакомпания,3.912023
авиакосмос,4.60517
авиапром,4.60517
авиард,4.60517
авиасалон,3.218876
авиационный,3.506558
авиация,3.218876
авионика,4.60517
ависм,4.60517
авить,2.813411
аврал,3.912023
аврамчук,4.60517
австралийский,4.60517
австралия,4.60517
австрия,3.912023
авто,2.040221
автобизнес,4.60517
автобиографический,4.60517
автобус,2.040221
автоваз,4.60517
автогенерация,4.60517
автодополнение,3.506558
автодром,4.60517
автозаполнение,3.912023
автозапчасть,4.60517
автоклав,4.60517
автокластеризация,4.60517
автоколебание,4.60517
автоком,4.60517
автокомплитой,3.218876
автомат,3.912023
автоматизация,1.108663
автоматизированный,1.966113
автоматизировать,1.560648
автоматизм,4.60517
автоматика,4.60517
автоматически,1.89712
автоматический,1.660731
автомобилестроение,3.912023
автомобилист,3.912023
автомобиль,1.714798
автомобильный,2.040221
автономия,4.60517
автономно,2.813411
автономность,2.813411
автономный,1.771957
автопилот,2.407946
автопробег,4.60517
автопроизводитель,4.60517
автопролонгация,4.60517
автор,0.150823
авторизация,2.995732
авторизовать,4.60517
авторизоваться,3.912023
авторитет,3.912023
авторский,1.386294
авторство,4.60517
автосейв,4.60517
автосохранение,4.60517
автоспорт,4.60517
автострахование,4.60517
автотест,2.995732
автотранспорт,4.60517
автотранспортный,4.60517
автоустановка,4.60517
агент,0.776529
агентной,3.912023
агентном,3.218876
агентность,4.60517
агентный,2.040221
агентский,2.65926
агентство,2.040221
агиль,4.60517
агк,4.60517
агломерация,4.60517
аграрный,3.912023
агрегатор,4.60517
агрегированный,4.60517
агрегировать,4.60517
агрегироваться,4.60517
агрессивно,4.60517
агрессивный,3.506558
агрессия,3.218876
агропром,4.60517
агропромышленный,3.912023
ад,3.506558
адалта,4.60517
адам,3.912023
адаптация,2.525729
адаптер,3.218876
адаптивность,2.995732
адаптировать,1.89712
адаптироваться,1.966113
адв,4.60517
адвокат,3.506558
адекватный,2.407946
адепт,3.506558
адкок,4.60517
адмикс,4.60517
админ,4.60517
административно,4.60517
административный,2.65926
администратор,2.995732
администрация,2.120264
администрирование,1.469676
администрировать,4.60517
админк,3.506558
админка,2.813411
админовый,4.60517
админский,3.912023
адмирал,4.60517
адреналин,4.60517
адрес,1.966113
адресат,4.60517
адресный,3.506558
адский,4.60517
адыгея,4.60517
аж,3.912023
азартный,3.912023
азимов,4.60517
азия,4.60517
азов,4.60517
азот,4.60517
аи,4.60517
айгензер,4.60517
айк,4.60517
айкон,4.60517
айпишник,4.60517
айрапетян,4.60517
айсберг,3.218876
айти,3.218876
айтишка,4.60517
айтишник,2.207275
айтишный,4.60517
айфончик,4.60517
ак,3.912023
академический,3.218876
акамар,4.60517
аква,4.60517
аквариум,4.60517
акватория,4.60517
аки,4.60517
аккаунт,0.210721
аккорд,4.60517
аккредитация,4.60517
аккумулятор,2.995732
аккумуляторный,3.912023
аккурат,4.60517
аккуратно,3.218876
аккуратность,4.60517
аккуратный,3.506558
аком,4.60517
акорн,4.60517
акоста,4.60517
акрон,4.60517
акроса,4.60517
акт,2.207275
актив,2.207275
активация,4.60517
активизация,4.60517
активизироваться,3.912023
активировать,3.912023
активно,1.966113
активность,2.65926
активный,1.966113
актор,4.60517
актуализироваться,4.60517
актуально,3.912023
актуальность,3.218876
актуальный,1.609438
актёр,3.912023
акула,4.60517
акустический,4.60517
акцентировать,3.912023
акцепт,4.60517
акцептовать,4.60517
акциз,3.506558
акционерный,3.912023
акция,2.120264
алабуг,4.60517
алгоритм,1.171183
алгоритмика,4.60517
алгоритмист,4.60517
алгоритмический,4.60517
алготрейдинг,4.60517
алекс,4.60517
александр,1.966113
александров,3.912023
алексеев,4.60517
алексеевский,4.60517
алексей,2.525729
алекситимия,4.60517
алерот,4.60517
алиби,3.912023
алина,4.60517
алиса,3.506558
алкоголь,2.995732
алкогольный,4.60517
алла,4.60517
аллергический,3.912023
аллергия,4.60517
аллея,3.912023
аллокация,3.506558
аллоцировать,3.912023
алмаз,4.60517
алмазный,4.60517
алрос,4.60517
алсип,3.912023
алтай,4.60517
алтайский,4.60517
алфавит,4.60517
алфавитный,4.60517
аль,3.912023
альбом,4.60517
альтернатива,2.207275
альтернативный,2.813411
альтман,3.506558
альтрициальный,4.60517
альтруистический,4.60517
альфа,2.525729
альфабанк,4.60517
альфредо,4.60517
альцгеймер,4.60517
алюминиевый,3.912023
алюминий,3.506558
аляска,4.60517
ама,4.60517
амазона,4.60517
амбициозный,2.995732
амбиция,3.912023
америк,4.60517
америка,4.60517
американец,3.912023
американский,2.302585
амза,4.60517
ами,4.60517
аммиак,4.60517
амодея,2.65926
амортизация,3.506558
ампер,4.60517
амра,4.60517
амур,3.912023
амурский,4.60517
ан,3.912023
анализ,0.597837
анализатор,3.912023
анализировать,1.714798
анализироваться,3.218876
аналитик,1.171183
аналитика,0.891598
аналитический,1.966113
аналог,1.714798
аналогично,3.912023
аналогичный,2.407946
аналогия,2.407946
аналоговый,4.60517
анапа,2.525729
анастасия,3.218876
анатомия,3.912023
анафема,4.60517
анахронизм,3.912023
ангедония,4.60517
ангел,4.60517
англ,3.218876
английский,2.207275
англицизм,4.60517
англоязычный,3.506558
андре,4.60517
андрей,2.040221
андроид,2.813411
андроидстудия,4.60517
андроидстуие,4.60517
анекдот,3.506558
аникей,4.60517
анимация,4.60517
аниме,3.912023
анимешный,4.60517
анимировать,3.912023
анкета,3.506558
анкора,4.60517
анлить,3.218876
анна,3.912023
анодный,4.60517
аномалия,3.912023
аномальный,4.60517
аноним,4.60517
анонимизация,4.60517
анонимно,4.60517
анонимность,4.60517
анонимный,2.995732
анонс,1.966113
анонсировать,3.506558
ансамбль,3.506558
антенна,4.60517
анти,4.60517
антивирус,4.60517
антивирусный,3.506558
антидепрессант,4.60517
антикафе,4.60517
антикоррупционный,3.912023
антикризисный,4.60517
антимонопольный,2.995732
антипод,4.60517
антипример,4.60517
антиспам,3.912023
антифрод,4.60517
антихайповыя,4.60517
антихаризма,4.60517
антихрупкость,4.60517
античность,3.912023
античный,4.60517
антон,3.218876
антонио,4.60517
антонов,4.60517
антосик,4.60517
антропик,4.60517
анчутиный,4.60517
аньхойский,4.60517
ао,2.813411
ап,3.912023
апарта,4.60517
апартамент,4.60517
апгрейд,3.506558
апдейт,4.60517
апелляционный,3.912023
апелляция,4.60517
апи,4.60517
апк,3.506558
апнуть,4.60517
апокалипсис,3.912023
апологет,4.60517
аппарат,2.040221
аппаратный,2.407946
аппетит,3.912023
аппка,4.60517
аппрувов,4.60517
апр,3.912023
апрель,2.302585
апрельский,4.60517
аптайм,4.60517
апувира,4.60517
аравия,3.912023
арагчить,2.302585
аракеловый,4.60517
арам,4.60517
арбитражник,4.60517
арбитражный,3.506558
арбуз,3.912023
арбузный,4.60517
аргумент,2.120264
ардуин,4.60517
ардуиня,4.60517
арена,4.60517
аренда,2.525729
арендатор,4.60517
арендный,3.912023
арендовать,3.912023
арест,3.912023
арестовать,4.60517
аристократ,4.60517
аристократия,4.60517
аристотель,4.60517
арифметик,4.60517
арифметика,3.912023
арифметический,4.60517
арктический,4.60517
арма,4.60517
армения,3.912023
армия,2.525729
аромат,4.60517
арсенал,2.302585
арсений,4.60517
арт,4.60517
артемий,4.60517
артефакт,2.120264
артикль,4.60517
артём,2.995732
архаичный,3.912023
архангел,4.60517
архангельский,3.506558
археология,4.60517
архетип,3.912023
архив,2.813411
архивировать,3.912023
архивный,3.218876
архимандрит,4.60517
архитектор,2.040221
архитектура,0.616186
архитектурный,1.714798
архыз,4.60517
ас,4.60517
асимметрия,4.60517
асимптотик,4.60517
асинхронный,3.912023
аскетизм,4.60517
аскетический,4.60517
аскхг,4.60517
аспект,2.040221
ассемблер,3.506558
ассерот,3.912023
ассистент,1.347074
ассистировать,4.60517
ассортимент,2.995732
ассоциативный,4.60517
ассоциация,2.525729
ассоциированный,4.60517
ассоциировать,4.60517
ассоциироваться,3.218876
астр,4.60517
астраханский,4.60517
астроном,4.60517
астрономия,3.912023
асу,3.912023
асфальт,3.218876
атака,1.660731
атаковать,2.813411
атеист,4.60517
атлантика,4.60517
атлас,4.60517
атласов,4.60517
атлетика,2.407946
атмосфера,2.525729
атом,3.506558
атомный,4.60517
атрибут,3.912023
аттестационный,4.60517
аттестация,3.506558
аугментация,4.60517
аудио,3.218876
аудиозапись,4.60517
аудит,3.218876
аудитор,3.912023
аудитория,1.832581
аудиторский,4.60517
аукцион,3.912023
аусна,3.912023
аутейдж,4.60517
аутентификационный,4.60517
аутентификация,3.218876
аутист,4.60517
аутсорс,3.506558
аутсорсинг,4.60517
аутстафа,4.60517
афганистан,4.60517
афгано,4.60517
афера,4.60517
афишировать,4.60517
афк,4.60517
африка,3.912023
аффилировать,3.912023
аха,4.60517
ахи,4.60517
ахиллесов,4.60517
аца,4.60517
ацетилхолин,3.912023
аэрография,4.60517
аэродинамика,4.60517
аэродром,3.912023
аэрокомпозит,4.60517
аэронавт,4.60517
аэропорт,3.912023
аэрофлот,3.912023
б,3.912023
бабка,3.912023
бабло,3.912023
бабулька,4.60517
бабушка,4.60517
баг,1.427116
багажный,4.60517
багфикс,4.60517
база,0.446287
базар,4.60517
базирование,4.60517
базироваться,2.995732
базовик,4.60517
базовый,0.820981
байонетта,4.60517
байт,2.995732
бактерия,4.60517
бакунов,4.60517
баланс,2.207275
балансировать,3.912023
балансировка,3.912023
балансировщик,4.60517
балашиха,4.60517
балет,4.60517
бали,4.60517
балицкий,4.60517
балкарский,4.60517
балкон,3.912023
балл,3.506558
балласт,4.60517
баловать,3.218876
балтийский,3.912023
балуна,4.60517
бам,3.912023
бамиан,4.60517
бан,4.60517
банально,2.995732
банальный,3.912023
бандлера,4.60517
банк,1.309333
банка,3.912023
банкетный,4.60517
банкинг,3.912023
банкир,4.60517
банкнот,4.60517
банковский,2.813411
банкротство,3.912023
баннер,2.995732
банный,4.60517
баня,4.60517
барабан,4.60517
барахолка,4.60517
барбекю,4.60517
бардак,4.60517
бардачок,4.60517
баритовый,4.60517
барс,4.60517
бартош,4.60517
барышня,4.60517
барьер,3.218876
бас,4.60517
баскетбольный,4.60517
басманный,4.60517
бассейн,3.912023
бастион,3.912023
баталия,4.60517
батарейка,4.60517
батарея,3.506558
батч,4.60517
батчинг,4.60517
бауманка,4.60517
баунтить,4.60517
башкортостан,3.912023
башня,3.912023
бд,4.60517
бдд,4.60517
бег,3.506558
бегать,2.995732
бегемот,4.60517
беговой,4.60517
бегун,4.60517
беда,3.912023
бедный,3.912023
бедствие,3.506558
бежать,3.218876
без,4.60517
безальтернативный,4.60517
безболезненно,4.60517
безвозвратный,3.912023
безвозмездно,3.912023
безвозмездный,4.60517
бездействие,3.912023
безделье,4.60517
бездорожье,3.912023
бездумный,3.912023
безель,4.60517
безлимитный,4.60517
безлюдный,4.60517
безмятежность,4.60517
безнадёжно,3.912023
безналичный,4.60517
безобидный,4.60517
безоговорочно,3.506558
безоговорочный,4.60517
безопасно,3.506558
безопасность,0.673345
безопасный,1.771957
безответственный,4.60517
безотказный,4.60517
безотлагательно,4.60517
безпасность,4.60517
безработица,3.506558
безразличный,4.60517
безрассудный,4.60517
безумие,3.912023
безумно,4.60517
безумный,3.506558
безупречно,4.60517
безупречный,4.60517
безусловно,3.912023
безусловный,4.60517
безымянный,3.506558
беклог,4.60517
беларусь,4.60517
белгородский,3.912023
белков,4.60517
белковый,4.60517
белла,4.60517
белок,3.912023
белые,3.506558
белый,2.120264
бен,4.60517
бендёр,4.60517
бензин,4.60517
бензиновый,3.912023
бенч,4.60517
бенчахнуть,4.60517
бенчмарк,2.407946
бенчмарка,2.407946
бенчмаркий,4.60517
бенчмаркинг,4.60517
бенчмарков,4.60517
берег,3.218876
беречь,4.60517
берешить,4.60517
беркли,4.60517
бернстайн,4.60517
берра,3.912023
беседа,2.813411
беседка,4.60517
бесить,3.912023
бесконечно,2.995732
бесконечный,2.040221
бескорыстный,4.60517
бесперебойный,3.912023
беспилотник,3.506558
беспилотный,2.525729
бесплатно,2.120264
бесплатный,1.237874
бесплатформенный,4.60517
бесплодный,4.60517
беспокоиться,3.912023
беспокойство,4.60517
бесполезно,3.506558
бесполезный,2.302585
беспомощность,4.60517
беспрецедентный,4.60517
беспроводный,2.995732
беспутник,4.60517
бессмертие,4.60517
бессмысленный,3.506558
бессонный,4.60517
бесспорный,4.60517
бестиарий,4.60517
бестселлер,4.60517
бестужевок,4.60517
бесформенный,4.60517
бесхозный,3.912023
бесцельный,4.60517
бесшовный,3.506558
бета,3.912023
бетон,4.60517
бетонный,3.912023
бетонобойный,4.60517
бешеный,3.506558
библейский,4.60517
библиотека,1.347074
библиотечный,4.60517
бигдата,4.60517
бигтех,4.60517
бизнес,0.510826
бизнесмен,2.995732
бик,4.60517
билавал,4.60517
билет,1.966113
билетный,4.60517
билимбай,4.60517
билл,4.60517
биллинговый,3.912023
билтех,4.60517
бин,4.60517
бинарник,4.60517
бинарный,4.60517
биовата,4.60517
биография,3.912023
биоинновация,4.60517
биолог,4.60517
биологический,3.218876
биология,2.995732
биометрический,4.60517
биоразлагать,4.60517
биотехнология,3.506558
биржа,2.995732
биржевой,3.506558
бирюзовый,4.60517
битва,2.525729
биткоина,4.60517
битлз,4.60517
битный,3.912023
битрейт,4.60517
битрикс,3.506558
битце,4.60517
битый,3.912023
бить,2.65926
биться,4.60517
бич,4.60517
бишфтекс,4.60517
бкс,3.912023
бл,4.60517
бла,4.60517
благо,2.65926
благоговение,4.60517
благодарить,3.506558
благодарность,4.60517
благодарный,3.912023
благодаря,1.07881
благоденствие,2.995732
благой,2.525729
благополучие,4.60517
благополучный,4.60517
благоприятный,3.912023
благородно,4.60517
благородный,4.60517
благосклонность,4.60517
благословение,4.60517
благотворительность,4.60517
благотворительный,3.912023
благоустроенный,4.60517
благоустройство,4.60517
блейка,4.60517
блендер,4.60517
блеск,4.60517
блестяще,4.60517
блестящий,3.218876
ближашие,4.60517
ближневосточный,4.60517
ближний,2.207275
близкие,4.60517
близкий,1.272966
близко,3.506558
близлежащий,4.60517
близость,4.60517
блин,3.912023
блистер,4.60517
блог,0.223144
блогер,3.912023
блоговыя,4.60517
блок,1.469676
блокбастер,4.60517
блокер,4.60517
блокирование,3.506558
блокировать,2.813411
блокироваться,4.60517
блокировка,2.120264
блокировщик,4.60517
блокнот,4.60517
блокчейн,3.218876
блюдечко,4.60517
блюдо,3.506558
блёклый,3.912023
боб,4.60517
бобровский,3.912023
бог,2.813411
богатство,4.60517
богатый,3.218876
богачёв,4.60517
богородский,4.60517
богословский,4.60517
бодро,4.60517
бодрствование,4.60517
бодрый,2.995732
боевой,1.966113
боец,3.912023
боинг,4.60517
бой,2.995732
бойкот,4.60517
бойкотт,4.60517
бойлерплейт,4.60517
бок,3.912023
бокал,4.60517
боков,4.60517
боковой,4.60517
боком,4.60517
боксёр,4.60517
болевой,4.60517
болезненно,3.912023
болезненный,2.995732
болезнь,3.912023
болеть,3.912023
боливийский,4.60517
боливия,4.60517
болид,4.60517
болото,3.506558
болт,4.60517
болтать,4.60517
болтаться,3.506558
болтовня,3.912023
боль,1.771957
больница,4.60517
больничный,3.506558
больно,3.218876
больной,3.506558
больший,0.562119
большинство,0.776529
большой,0.820981
бомба,4.60517
бомж,4.60517
бонгино,4.60517
бондарев,4.60517
бонди,4.60517
бонус,2.813411
бордель,4.60517
борец,4.60517
борис,3.912023
бородатый,3.912023
бороться,2.813411
борт,2.813411
бортинженер,4.60517
бортовый,2.813411
борщ,4.60517
борьба,2.120264
босс,3.912023
бот,1.347074
ботаникалс,4.60517
ботвинник,4.60517
ботинок,3.506558
ботнет,4.60517
бочка,4.60517
бояться,2.407946
бпнуть,2.120264
браганец,4.60517
бразилия,3.506558
бразильский,4.60517
брак,4.60517
брандмауэр,4.60517
брат,4.60517
брать,1.237874
браться,2.65926
браузер,1.309333
браузерный,4.60517
бревно,4.60517
брегман,4.60517
бред,4.60517
бредни,4.60517
брейншторм,4.60517
брейнштормить,3.912023
бремя,4.60517
бренд,2.302585
брендбук,4.60517
брендинг,3.218876
брендинговый,4.60517
брендирование,4.60517
брендированный,4.60517
брендовый,3.912023
бреслава,4.60517
брести,4.60517
бретта,4.60517
брешь,3.506558
бригада,3.912023
брикс,3.506558
бриллиант,4.60517
брина,4.60517
британский,2.207275
бриф,3.912023
бродить,2.995732
бродский,4.60517
брокер,4.60517
брокмана,4.60517
бролин,4.60517
бронзовый,3.912023
бронирование,3.506558
бронницы,4.60517
бронь,4.60517
бросать,3.218876
бросить,3.912023
броситься,3.912023
бросок,3.506558
брошюра,4.60517
брус,4.60517
брусника,4.60517
брэнсон,4.60517
брянский,3.506558
буарон,3.506558
бубен,3.912023
бублик,4.60517
бубна,4.60517
будда,4.60517
буддизм,4.60517
буддийский,4.60517
будить,4.60517
будка,4.60517
будни,3.218876
будушея,4.60517
будущее,0.478036
будущий,2.120264
бузаев,4.60517
бузина,4.60517
буква,2.995732
буквально,1.139434
буквальный,3.912023
буквенный,4.60517
буклет,4.60517
буксовать,3.912023
булат,4.60517
булка,4.60517
буллинга,4.60517
буллит,4.60517
булычев,4.60517
бульон,4.60517
бум,2.995732
бумага,1.966113
бумажка,3.506558
бумажный,2.995732
бумера,4.60517
бунин,3.218876
бункер,4.60517
бупча,4.60517
буран,4.60517
бурение,4.60517
бурление,4.60517
бурный,3.506558
буря,3.912023
бурятия,4.60517
буста,3.506558
бустрейд,4.60517
бутылка,4.60517
буфер,2.995732
буферы,4.60517
бухгалтер,3.912023
бухгалтерия,2.995732
бухгалтерский,3.506558
бухло,4.60517
бухучёт,4.60517
бушуев,4.60517
бфа,4.60517
бхв,2.407946
бывало,3.912023
бывать,2.040221
бывший,1.89712
былой,4.60517
быстро,0.634878
быстродействие,3.912023
быстрорастущий,4.60517
быстрый,0.634878
быт,4.60517
бытовка,4.60517
бытовой,3.218876
быть,0.223144
бычок,4.60517
бьютификация,4.60517
бьякугать,4.60517
бэк,4.60517
бэкап,3.506558
бэкапиться,4.60517
бэкграунд,4.60517
бэкенд,2.65926
бэкендёр,2.813411
бэкер,4.60517
бэклинковый,4.60517
бэклога,4.60517
бэкома,4.60517
бэст,4.60517
бюджет,1.660731
бюджетирование,4.60517
бюджетный,2.525729
бюро,2.813411
бюрократический,4.60517
бюрократия,4.60517
бям,4.60517
ва,3.506558
вадим,4.60517
важно,1.171183
важность,3.912023
важный,0.462035
вайба,2.65926
вайбкодер,3.912023
вайбкодинг,2.302585
вайбкодить,3.912023
вайбовой,4.60517
вайбокодер,4.60517
вайбрезультат,3.506558
вакансия,1.89712
вакуум,3.218876
вакуумный,3.912023
валдберис,4.60517
валентина,4.60517
валерий,4.60517
валидатор,4.60517
валидационный,4.60517
валидация,3.218876
валидировать,3.912023
валидироваться,4.60517
валидный,4.60517
валить,3.912023
валлийский,4.60517
валорант,4.60517
валюта,2.995732
валютный,4.60517
валяться,4.60517
вангуй,4.60517
ванильный,4.60517
ванна,3.912023
вануату,4.60517
ваншотом,4.60517
ваня,3.912023
вараксин,4.60517
вариант,1.07881
вариация,3.506558
вариться,3.506558
варьеганнефтегаз,4.60517
варьироваться,4.60517
васильевский,4.60517
василёк,4.60517
ватт,4.60517
вау,4.60517
вахтер,4.60517
ваш,0.150823
вашингтон,4.60517
ващщий,4.60517
вбивать,4.60517
вбить,3.912023
вблизи,3.912023
вбросить,4.60517
вбухать,4.60517
вваливать,4.60517
введение,1.514128
вверх,4.60517
ввести,1.832581
ввиду,4.60517
ввод,2.525729
вводить,2.407946
вводиться,3.912023
вводный,3.912023
ввоз,3.912023
ввп,4.60517
вдалбливать,4.60517
вдвое,2.407946
вдвоём,3.912023
вдобавок,4.60517
вдоль,3.912023
вдохновение,3.912023
вдохновить,3.506558
вдохновиться,4.60517
вдохновлять,3.506558
вдохновляться,4.60517
вдохновляющий,4.60517
вдуматься,2.995732
вдумчиво,4.60517
вдц,4.60517
веб,0.798508
вебинар,3.506558
вега,3.912023
ведение,2.525729
ведомство,2.525729
ведро,4.60517
ведущий,1.427116
вежливый,3.506558
везде,1.89712
вездесущие,3.912023
вездеход,3.912023
везение,4.60517
везунчик,4.60517
вейль,4.60517
век,1.714798
вековой,4.60517
векснер,4.60517
вектор,2.525729
векторный,2.65926
великий,2.525729
великобритания,1.966113
великое,3.218876
великолепный,4.60517
величина,3.506558
велосипед,4.60517
велосипедный,3.912023
венгерский,4.60517
вендор,2.302585
вендорский,4.60517
вентилятор,4.60517
вентиляция,3.912023
венчурный,2.995732
вера,3.506558
верарт,4.60517
вербовать,4.60517
вербовка,4.60517
вердикт,4.60517
верецкий,4.60517
верить,1.771957
верификатор,4.60517
верификация,2.302585
верифицировать,4.60517
верно,4.60517
вернуть,2.525729
вернуться,1.469676
верный,2.65926
верньер,4.60517
веровать,4.60517
вероятно,1.89712
вероятность,2.407946
вероятный,3.218876
версия,0.820981
верстальщик,3.912023
верстать,4.60517
вертеть,3.912023
вертикально,4.60517
вертикальный,4.60517
вертолёт,3.912023
вертолётный,3.506558
вертолётостроение,4.60517
верхний,2.525729
верховенство,4.60517
верховный,4.60517
верхушка,2.995732
вершина,3.218876
вес,2.120264
веселить,4.60517
весело,3.912023
весенний,3.912023
весить,3.506558
веский,3.912023
весна,2.813411
весомый,4.60517
вести,1.07881
вестись,3.912023
весь,0.127833
весьма,2.302585
весёлый,4.60517
ветвиться,4.60517
ветвление,3.218876
ветер,2.65926
ветеран,4.60517
ветеринария,4.60517
ветеринарный,4.60517
ветка,2.65926
ветряный,4.60517
вечер,2.302585
вечеринка,4.60517
вечером,3.506558
вечно,3.912023
вечный,2.813411
вешать,4.60517
вещать,3.506558
вещественный,3.912023
вещество,3.506558
вещь,1.139434
вживить,4.60517
вживую,3.912023
вжиться,4.60517
взаимный,3.506558
взаимобействие,3.912023
взаимовыгодный,3.912023
взаимодействие,1.560648
взаимодействовать,1.714798
взаимоисключающий,4.60517
взаимоотношение,4.60517
взаимоотношенний,4.60517
взаимосвязанный,4.60517
взаимосвязь,3.912023
взаймы,4.60517
взамен,3.912023
взаперти,4.60517
взвесить,3.506558
взвинтить,4.60517
взгляд,1.469676
взглянуть,3.218876
вздохнуть,4.60517
вздыхать,4.60517
взимать,4.60517
взламывать,3.912023
взлетать,3.506558
взлететь,2.525729
взлом,3.218876
взломать,2.995732
взлёт,3.912023
взлётный,3.912023
взмах,4.60517
взнос,3.218876
взорвать,3.912023
взорваться,4.60517
взросление,4.60517
взрослость,4.60517
взрослый,2.995732
взрыв,4.60517
взрывной,4.60517
взрывчатый,4.60517
взыскание,3.506558
взыскательный,4.60517
взыскать,4.60517
взять,0.867501
взяться,2.65926
ви,3.218876
вибрационный,4.60517
вибрация,4.60517
виброустойчивый,4.60517
вид,0.597837
видение,2.813411
видео,1.386294
видеоданные,4.60517
видеозапись,4.60517
видеоигра,3.912023
видеокамера,3.912023
видеокарта,2.407946
видеоконференцсвязь,4.60517
видеоматериал,4.60517
видеомодель,4.60517
видеонаблюдение,3.912023
видеопамять,4.60517
видеоплатформа,4.60517
видеоплеер,3.912023
видеопроцессор,4.60517
видеорегистратор,4.60517
видеоролик,2.813411
видеосервер,4.60517
видеостриминг,4.60517
видеофильм,4.60517
видеочат,4.60517
видеть,0.562119
виджет,3.506558
видимость,2.65926
видимый,4.60517
видно,1.89712
видный,2.995732
видовой,4.60517
видюхий,4.60517
виза,2.207275
визард,4.60517
визионер,3.912023
визионерский,4.60517
визит,3.218876
визуал,3.506558
визуала,4.60517
визуализация,2.65926
визуализировать,4.60517
визуально,4.60517
визуальный,2.207275
вика,4.60517
википедия,3.912023
викри,4.60517
виктор,3.218876
викторианский,4.60517
виктория,3.912023
викторович,4.60517
вилка,4.60517
вина,3.912023
винд,4.60517
виндзора,4.60517
винить,3.218876
винк,4.60517
винный,3.912023
вино,3.912023
виноватый,3.912023
виновный,3.506558
виноградов,3.912023
винодел,4.60517
винт,3.912023
випфорум,4.60517
вираж,4.60517
виргинский,4.60517
вирджиния,4.60517
вирион,4.60517
виртуализация,2.65926
виртуалка,4.60517
виртуальный,1.714798
вирус,3.218876
вирусный,3.218876
висеть,3.218876
висок,4.60517
виталий,3.912023
витебск,4.60517
витебский,4.60517
витик,3.912023
виток,3.912023
витрина,4.60517
вица,4.60517
вк,4.60517
вкатываться,4.60517
вкл,4.60517
вклад,2.813411
вкладка,2.120264
вкладывать,2.65926
вкладываться,2.995732
включатель,4.60517
включать,1.966113
включаться,3.218876
включая,1.07881
включение,3.912023
включить,2.040221
включиться,3.506558
вконтакте,2.65926
вкрутить,4.60517
вкс,4.60517
вкурс,4.60517
вкус,2.995732
вкусно,4.60517
вкусовой,4.60517
влага,4.60517
владелец,1.89712
владение,3.218876
владеть,2.302585
владивосток,4.60517
владимир,1.832581
владимирович,4.60517
владимирский,4.60517
влажный,3.912023
власть,1.514128
влезать,3.912023
влететь,2.995732
влечение,4.60517
влечь,4.60517
вливать,3.506558
влить,3.912023
влияние,1.832581
влиять,1.203973
вложение,2.813411
вложенность,4.60517
вложить,3.218876
вложиться,4.60517
влюбить,4.60517
влюбляться,4.60517
влять,4.60517
влёт,4.60517
вменяемый,3.506558
вместе,1.049822
вместо,1.049822
вмешательство,3.912023
вмешаться,4.60517
вмешиваться,3.912023
вн,3.218876
вначале,3.912023
внаём,4.60517
вне,2.407946
внедорожник,3.912023
внедрение,1.203973
внедрить,2.120264
внедриться,3.912023
внедрять,1.832581
внедряться,3.912023
внезапно,2.120264
внезапный,2.995732
внеземной,4.60517
внеплановый,4.60517
внесение,4.60517
внести,2.525729
внесудебный,4.60517
внешне,4.60517
внешнеэкономический,4.60517
внешний,1.560648
внешность,4.60517
внешэкономбанк,4.60517
внж,4.60517
вниз,2.995732
внимание,0.916291
внимательно,2.995732
внимательный,3.506558
вновь,3.912023
вносить,2.302585
вноситься,3.912023
внук,4.60517
внуково,4.60517
внутренний,1.049822
внутренность,4.60517
внутри,0.693147
внутригрупповой,4.60517
внутриигровой,4.60517
внутрикомщиковы,4.60517
внутрь,2.995732
внушительный,4.60517
внятный,4.60517
вовлекать,4.60517
вовлечение,2.995732
вовлечь,4.60517
вовлечённость,3.506558
вовремя,3.912023
вовсе,2.040221
вовсю,3.912023
вода,1.660731
водитель,2.407946
водить,3.912023
водный,3.912023
водоканал,4.60517
водоотведение,4.60517
водопровод,4.60517
водород,4.60517
водоросль,3.912023
водоснабжение,4.60517
водохранилище,4.60517
водяной,3.506558
воевать,3.912023
воедино,3.218876
военкомат,3.912023
военнообязанный,4.60517
военный,1.560648
вождение,3.912023
возбудить,4.60517
возвести,4.60517
возводить,4.60517
возврат,2.995732
возвращать,2.302585
возвращаться,1.89712
возвращение,3.506558
возвышаться,4.60517
возгорание,4.60517
воздействие,3.912023
воздержаться,4.60517
воздух,2.120264
воздушный,3.506558
возиться,3.912023
возлагать,4.60517
возлагаться,4.60517
возлежать,4.60517
возложить,4.60517
возмездный,4.60517
возместить,3.912023
возмещение,3.506558
возможно,0.84397
возможность,0.235722
возможный,1.108663
возможость,4.60517
вознаградить,4.60517
вознаграждение,2.813411
возникать,1.021651
возникновение,2.995732
возникнуть,1.514128
возня,4.60517
возрадоваться,3.912023
возражать,4.60517
возражение,3.912023
возраст,2.207275
возрастать,4.60517
возрасти,3.506558
возрастной,3.912023
возрождать,4.60517
возрождение,4.60517
воинский,3.506558
война,1.966113
войско,4.60517
войти,0.198451
вокзал,3.218876
вокруг,1.427116
воксис,4.60517
волатильность,4.60517
волгоградский,4.60517
волевой,4.60517
волк,4.60517
волна,1.714798
волновать,3.912023
вологодский,3.912023
волокно,3.506558
волс,4.60517
волшебник,4.60517
волшебный,3.218876
волшебство,3.506558
вольт,4.60517
воля,2.813411
вон,4.60517
воображение,2.995732
вообразить,4.60517
вообще,0.71335
вооружение,2.65926
вооружённый,3.506558
воплотить,2.995732
воплотиться,4.60517
воплощать,3.218876
вопрос,0.248461
воркфлоу,4.60517
воркшоп,3.912023
воробьёв,4.60517
воровать,4.60517
ворон,4.60517
воронежский,3.912023
воронка,3.912023
воронцов,4.60517
ворота,3.912023
воротничок,4.60517
ворох,4.60517
ворочить,4.60517
восемнадцать,4.60517
восемь,2.813411
воскликнуть,2.813411
воскресение,3.506558
воскресенск,4.60517
воскресенский,4.60517
воскрешение,2.813411
воспитание,4.60517
воспитатель,4.60517
воспламениться,4.60517
восполнить,3.912023
воспользоваться,2.120264
воспоминание,4.60517
воспринимать,2.995732
восприниматься,2.207275
восприятие,3.506558
воспроизведение,3.506558
воспроизвести,2.995732
воспроизводимость,4.60517
воспроизводить,2.120264
воспроизводиться,3.912023
воссоединиться,4.60517
восстанавливать,3.506558
восстанавливаться,2.407946
восстановительный,4.60517
восстановить,2.525729
восстановление,2.407946
восток,2.302585
восторг,3.912023
восторженный,4.60517
востребовать,2.995732
восхищение,4.60517
восход,4.60517
восходящий,4.60517
восьмилетний,4.60517
восьмой,3.506558
впадать,3.506558
впасть,4.60517
впервые,1.609438
впереди,3.218876
вперемешку,4.60517
вперёд,2.120264
впечататься,4.60517
впечатление,1.966113
впечатлительный,4.60517
впечатлить,3.506558
впечатлять,2.813411
впечатляющий,3.506558
вписаться,4.60517
вписываться,3.912023
впк,3.912023
вплоть,2.813411
впо,4.60517
вполне,1.309333
впоследствии,2.407946
вправе,2.525729
впритык,4.60517
враг,4.60517
вражда,3.912023
вражеский,4.60517
вразрез,4.60517
врач,3.506558
врачебный,4.60517
вращаться,4.60517
вращение,4.60517
вред,2.65926
вредить,3.218876
вредный,2.995732
вредоносный,2.65926
врезаться,4.60517
временно,3.218876
временной,2.525729
временный,4.60517
время,0.051293
врисовать,4.60517
вроде,0.967584
врождённый,3.912023
вручать,4.60517
вручение,3.912023
вручную,1.771957
вряд,2.995732
вс,3.506558
всеинструмент,3.218876
вселенная,2.995732
всемирный,3.912023
всеобщий,2.995732
всеобъемлющий,4.60517
всероссийский,4.60517
всерьёз,2.525729
всесезонный,4.60517
всесильный,4.60517
всесторонний,4.60517
вск,4.60517
вскоре,2.995732
вскрыть,3.506558
вслед,4.60517
вследствие,3.506558
вслепую,4.60517
вслух,2.995732
вслушаться,4.60517
всмпо,4.60517
всплеск,3.912023
всплывать,2.65926
всплывашка,3.912023
всплыть,4.60517
вспоминать,2.207275
вспомнить,2.040221
вспомогательный,3.218876
вспышка,4.60517
вставать,2.995732
вставить,2.407946
вставка,4.60517
вставлять,2.995732
вставляться,4.60517
встать,2.65926
встраивать,2.995732
встраиваться,3.912023
встретить,2.207275
встретиться,3.912023
встреча,2.207275
встречать,2.525729
встречаться,2.207275
встроить,1.386294
вступать,2.407946
вступить,2.207275
вступление,2.995732
всу,2.302585
всюду,3.506558
всякий,2.207275
всё,0.371064
втаскивать,4.60517
втащить,4.60517
втб,3.506558
вторжение,4.60517
вторичный,4.60517
второе,3.218876
второй,0.673345
втрое,4.60517
втройне,4.60517
втягиваться,4.60517
вудворд,4.60517
вуз,2.813411
вход,1.89712
входить,1.832581
входной,3.218876
входящий,3.506558
вхождение,4.60517
вч,4.60517
вчера,0.941609
вчерашний,4.60517
вшэ,3.218876
въехать,4.60517
вы,1.469676
выбесить,4.60517
выбивать,4.60517
выбиваться,3.912023
выбирать,1.203973
выбираться,4.60517
выбить,3.912023
выбор,1.049822
выборка,3.218876
выборы,3.912023
выбрасывать,4.60517
выбрасываться,4.60517
выбрать,0.776529
выбраться,3.912023
выброс,3.506558
выбросить,3.506558
вываливаться,3.912023
вывезти,3.912023
выверенность,4.60517
вывеска,3.218876
вывести,1.89712
вывод,1.139434
выводить,2.813411
выгибать,4.60517
выглядеть,0.71335
выглядить,4.60517
выгнать,4.60517
выгода,2.813411
выгодно,3.506558
выгодный,2.407946
выгодоприобретатель,4.60517
выгорание,2.995732
выгорать,4.60517
выгореть,4.60517
выгрузить,4.60517
выдавать,1.771957
выдать,2.525729
выдаться,4.60517
выдача,2.525729
выдающийся,3.912023
выдвигать,3.912023
выделение,3.218876
выделить,2.207275
выделка,4.60517
выделять,2.302585
выделяться,2.407946
выдержать,3.506558
выдерживать,4.60517
выдержка,3.506558
выдумать,3.506558
выдумывание,4.60517
выдумывать,3.912023
выезд,3.912023
выехать,3.912023
выжать,3.218876
выживальщик,4.60517
выживание,2.813411
выживать,3.506558
выжигать,4.60517
выжидательный,4.60517
выжимание,4.60517
выжимать,4.60517
выжимка,2.65926
выжить,2.407946
вызвать,1.966113
вызов,1.560648
вызывать,2.120264
вызывающий,4.60517
выиграть,3.218876
выигрывать,1.832581
выигрыш,3.912023
выискивать,3.912023
выйти,1.049822
выкатить,2.995732
выкатывать,3.506558
выкачать,3.506558
выкинуть,4.60517
выкладывать,2.813411
выклый,4.60517
выключатель,4.60517
выключать,4.60517
выключаться,4.60517
выключение,4.60517
выключить,4.60517
выкупать,4.60517
выкупить,4.60517
вылезти,4.60517
вылет,4.60517
вылететь,4.60517
вылечить,3.912023
вылиться,4.60517
выложить,2.995732
вымпелком,4.60517
вымышленный,4.60517
вымышлёный,4.60517
вынести,3.912023
выносимость,4.60517
выносить,4.60517
вынудить,2.302585
вынужденно,4.60517
вынужденный,4.60517
выпадать,3.218876
выпадение,4.60517
выпасть,4.60517
выписать,4.60517
выписка,3.506558
выписывать,4.60517
выпить,4.60517
выплавить,4.60517
выплата,3.218876
выплатить,2.995732
выплачивать,4.60517
выплачиваться,4.60517
выплёвывать,4.60517
выполнение,1.966113
выполнимый,4.60517
выполнить,1.469676
выполниться,4.60517
выполнять,1.171183
выполняться,2.65926
выпрямитель,4.60517
выпуклость,4.60517
выпуклый,4.60517
выпуск,1.89712
выпускать,1.771957
выпускаться,3.912023
выпускник,3.506558
выпускной,4.60517
выпустить,1.714798
вырабатывать,4.60517
выработать,2.995732
выражать,3.506558
выражение,2.995732
выраженный,3.506558
выразить,3.912023
выразиться,3.912023
вырастать,3.912023
вырасти,1.469676
вырастить,3.506558
выращивание,3.912023
вырваться,3.912023
вырезать,3.506558
вырисовываться,3.912023
выровняться,3.506558
вырожденный,4.60517
вырост,4.60517
выростета,4.60517
вырубить,4.60517
выручить,4.60517
выручка,2.65926
вырываться,4.60517
высвечивать,4.60517
высвободиться,3.912023
выселение,4.60517
высказать,3.912023
высказаться,4.60517
высказывание,4.60517
высказываться,4.60517
выслушать,4.60517
выслушивать,4.60517
высовываться,3.506558
высокий,0.820981
высоко,3.506558
высоковольтный,3.912023
высокодетализировать,4.60517
высококлассный,3.912023
высококонтрастный,4.60517
высоконагруженный,3.218876
высокопоставленный,3.912023
высокопроизводительный,3.912023
высокоразвитый,4.60517
высокоскоростной,3.506558
высокотемпературный,4.60517
высокотехнологичный,3.506558
высокочастотный,3.912023
высокоэффективный,4.60517
высота,2.813411
высотка,4.60517
выставка,2.407946
выставляться,4.60517
выставочный,4.60517
выстрадать,4.60517
выстраивание,3.218876
выстраивать,2.813411
выстрелить,3.506558
выстроить,1.832581
выступать,2.407946
выступить,4.60517
выступление,2.995732
вытаскиватель,4.60517
вытаскивать,2.525729
вытащить,2.813411
вытекать,3.506558
вытеснение,4.60517
вытеснить,3.912023
вытеснять,4.60517
вытирать,4.60517
вытолкнуть,4.60517
выудить,3.506558
выучить,2.65926
выхлоп,4.60517
выход,1.203973
выходить,1.560648
выходной,2.407946
вычет,3.912023
вычисление,1.832581
вычислитель,4.60517
вычислительный,1.714798
вычислить,3.912023
вычистить,3.912023
вычитать,4.60517
вычитка,4.60517
вычитывать,4.60517
выше,1.309333
вышеизложенный,4.60517
вышеописанный,4.60517
вышестоящий,4.60517
вышеуказанный,3.506558
вышеупомянутый,4.60517
выявить,2.525729
выявление,2.525729
выявлять,2.995732
выяснить,2.407946
выясниться,2.302585
выяснять,3.506558
выясняться,2.040221
вьюеры,4.60517
вэб,3.912023
вэд,4.60517
вячеслав,4.60517
вёрстка,2.813411
г,1.832581
габарит,4.60517
габидуллин,4.60517
гавань,4.60517
гагарин,4.60517
гад,4.60517
гадательный,3.912023
гадать,2.407946
гаджет,1.771957
гадкий,3.912023
гадость,4.60517
гаечный,4.60517
газ,2.813411
газель,4.60517
газета,4.60517
газопровод,4.60517
газпром,3.506558
газпромбанк,3.912023
гай,4.60517
гайда,1.832581
гайдлайна,3.506558
гайдов,3.912023
гайка,3.506558
гайцгори,4.60517
галактика,3.912023
галактический,4.60517
галерея,2.813411
галиев,4.60517
галицкий,4.60517
галлюцинация,2.65926
галлюцинировать,4.60517
галочка,2.65926
гальванический,4.60517
гамак,4.60517
гамма,4.60517
гараж,4.60517
гарант,4.60517
гарантийный,4.60517
гарантированно,3.218876
гарантировать,1.609438
гарантироваться,4.60517
гарантия,2.407946
гарвард,4.60517
гаргантю,2.995732
гарда,3.506558
гармонический,4.60517
гармония,4.60517
гарь,3.506558
гасить,3.912023
гастрокульт,4.60517
гастрономический,3.912023
гастрономия,4.60517
гб,2.207275
гбитый,4.60517
гвоздь,3.218876
гдг,4.60517
гдемои,4.60517
гейзер,4.60517
гейл,4.60517
геймдева,3.506558
геймдизайн,4.60517
геймер,3.218876
геймерский,3.506558
геймифицироваться,4.60517
гейтс,4.60517
гемблинга,4.60517
геминь,4.60517
геммолог,4.60517
геморрой,4.60517
гемпшир,4.60517
гендерно,4.60517
гендерный,4.60517
гендиректор,4.60517
генерал,4.60517
генеральный,2.65926
генеративный,2.65926
генератор,2.302585
генерация,1.832581
генерировать,1.560648
генерироваться,3.912023
генерить,3.218876
гениально,3.506558
гениальность,4.60517
гениальный,3.506558
гений,3.506558
геннадий,4.60517
генпрокурор,4.60517
гео,4.60517
географический,2.995732
география,2.995732
геоинформационный,4.60517
геологический,4.60517
геолокация,3.912023
геометрически,4.60517
геометрический,4.60517
геометрия,3.506558
геополитика,4.60517
геополитический,4.60517
георезервирование,3.506558
геостраница,4.60517
геотег,4.60517
герд,4.60517
герл,4.60517
германия,3.218876
гермоизол,4.60517
героизм,4.60517
героически,4.60517
герой,2.525729
герундий,4.60517
гетерогенный,4.60517
гибель,4.60517
гибкий,2.813411
гибко,3.912023
гибкость,2.207275
гибрид,3.912023
гибридный,2.995732
гибсон,4.60517
гигабайт,2.995732
гигабитный,3.912023
гигаватт,4.60517
гиганский,4.60517
гигант,1.89712
гигантский,2.407946
гигачат,3.912023
гигиена,4.60517
гид,3.912023
гидродинамика,4.60517
гидроразрыв,3.912023
гик,1.514128
гиковский,4.60517
гилейн,4.60517
гималайский,4.60517
гимля,4.60517
гимнастка,4.60517
гинденбург,4.60517
гиперактивность,4.60517
гиперболизированный,4.60517
гиперзвуковой,4.60517
гиперион,3.912023
гиперконтроль,4.60517
гиперпараметр,4.60517
гиперпигментация,4.60517
гиперплоскость,4.60517
гипертекстовый,4.60517
гиперфокус,4.60517
гиперцентрализация,4.60517
гипноз,3.506558
гипнотический,4.60517
гипотеза,2.207275
гипотетический,4.60517
гиппокамп,3.912023
гирлянда,4.60517
гироскоп,4.60517
гис,4.60517
гислейн,4.60517
гисп,4.60517
гистограмма,4.60517
гитара,4.60517
гитов,4.60517
гифка,3.912023
гк,1.966113
гкмн,4.60517
гкс,4.60517
глава,1.237874
главное,0.916291
главный,0.693147
главстроить,4.60517
глагол,3.912023
гладкий,3.506558
гладко,4.60517
гладков,4.60517
гладь,4.60517
глаз,1.309333
глазной,3.506558
глазок,2.525729
гламурный,4.60517
гласскон,4.60517
гленный,4.60517
глина,4.60517
глобал,4.60517
глобализация,4.60517
глобально,3.506558
глобальный,1.609438
глс,4.60517
глубина,2.813411
глубинка,4.60517
глубинный,3.912023
глубокий,1.237874
глубоко,2.65926
глупеть,3.506558
глупость,4.60517
глупый,3.506558
глюкоза,4.60517
глюкометр,4.60517
глючить,3.218876
глядеть,3.912023
глянец,4.60517
глянуть,3.912023
гмк,4.60517
гнаться,4.60517
гнев,4.60517
гневный,4.60517
гнетущий,4.60517
гниль,4.60517
гнить,4.60517
гном,4.60517
гнуть,4.60517
го,1.832581
говно,4.60517
говнокод,3.218876
говорить,0.653926
говориться,2.813411
говорящий,3.912023
гоген,4.60517
год,0.072571
годовалый,4.60517
годовой,2.525729
гол,4.60517
голливуд,4.60517
голливудский,3.912023
голова,1.427116
головатинский,4.60517
головка,4.60517
головной,2.65926
головокружительный,4.60517
головоломка,4.60517
голод,3.912023
голодный,4.60517
голос,0.527633
голосование,3.506558
голосовой,2.65926
голубой,3.506558
голый,3.912023
гомеопатический,3.506558
гомеопатия,3.506558
гонка,1.771957
гонорар,4.60517
гончаров,4.60517
гонщик,4.60517
гонять,3.912023
гора,3.218876
гораздо,1.427116
горбанить,4.60517
гордиться,3.912023
гордон,4.60517
гордость,3.912023
горе,3.912023
гореть,2.120264
горизонт,2.525729
гормон,4.60517
горный,4.60517
горо,4.60517
город,1.469676
городок,4.60517
городской,2.65926
горожанин,4.60517
горький,4.60517
горьковский,4.60517
горючее,3.912023
горючий,4.60517
горячий,2.995732
горячо,3.912023
гос,4.60517
госвласть,4.60517
госдума,4.60517
госзаказ,4.60517
госзакупка,3.912023
госконтракт,4.60517
гособоронзаказ,4.60517
госпитализация,2.302585
господдержка,3.506558
господин,4.60517
господь,4.60517
госсекретарь,4.60517
госсектор,3.218876
госслужащий,4.60517
госслужба,4.60517
гост,3.506558
гостеприимный,4.60517
гостеприимство,4.60517
гостиница,3.912023
гостиничный,4.60517
гость,2.995732
государственный,1.469676
государство,1.714798
госуслуга,3.218876
готовить,2.120264
готовиться,1.966113
готовность,2.813411
готовый,0.755023
гоударство,4.60517
гоша,4.60517
гпб,4.60517
гпт,3.912023
гпх,4.60517
грабительский,4.60517
грабли,1.966113
гравитационный,4.60517
гравитация,3.218876
градиент,4.60517
градус,3.506558
гражданин,2.525729
гражданский,2.525729
гражданско,3.912023
гражданство,4.60517
грайворон,4.60517
грайворонский,4.60517
грамматика,3.912023
грамматический,4.60517
грамотно,3.912023
грамотность,3.912023
грамотный,3.218876
грандиозный,3.912023
граница,1.771957
граничный,4.60517
грант,3.912023
грань,3.506558
граф,2.813411
графа,3.506558
график,1.832581
графика,2.120264
графический,2.407946
графовыя,4.60517
грег,4.60517
грейд,4.60517
грейта,4.60517
грех,4.60517
греция,4.60517
грешить,4.60517
гриб,3.912023
григорий,4.60517
гридлик,4.60517
грн,4.60517
гровёс,4.60517
гроза,4.60517
грозить,3.218876
грозный,4.60517
грозовой,4.60517
грок,4.60517
громкий,2.813411
громко,3.912023
громкость,3.912023
гротендик,4.60517
грубо,3.912023
грубоватый,4.60517
грубый,3.218876
грудина,4.60517
грудь,4.60517
груз,3.912023
грузися,4.60517
грузовик,3.912023
грузовой,3.218876
грузоперевозка,4.60517
грузопоток,4.60517
грунт,4.60517
грунтовый,3.912023
группа,1.07881
группировать,4.60517
группировка,2.813411
групповой,3.506558
грустить,4.60517
грызть,3.912023
грязно,4.60517
грязный,2.995732
грязь,4.60517
грянуть,4.60517
гсм,4.60517
гсп,4.60517
гта,4.60517
гтлк,4.60517
губастовый,4.60517
губернатор,2.813411
губительный,4.60517
гугл,3.912023
гуглили,4.60517
гуглить,3.912023
гугловский,2.995732
гудеть,4.60517
гул,4.60517
гулять,3.218876
гуманитарий,4.60517
гуманитарный,3.218876
гуманный,4.60517
гуманоид,3.506558
гунпэя,4.60517
гусев,4.60517
гуща,4.60517
гц,3.912023
давать,0.301105
даваться,4.60517
давеча,4.60517
давить,3.506558
давление,2.407946
давний,4.60517
давно,1.049822
давность,3.218876
давыдов,4.60517
дагестан,4.60517
дайджест,2.207275
далее,0.371064
далеко,2.302585
даль,4.60517
дальнейший,2.407946
дальний,3.912023
дальнобойный,4.60517
дальность,3.506558
далёкий,0.755023
даман,4.60517
дамир,4.60517
дамп,4.60517
данафлекс,4.60517
данил,3.912023
даниловский,3.506558
дания,4.60517
данность,4.60517
данные,0.274437
данный,1.386294
дань,3.218876
дар,4.60517
дари,4.60517
дарио,2.65926
даритель,4.60517
дарить,4.60517
дарья,3.506558
дастина,4.60517
дата,1.021651
датавизуализация,4.60517
датапойнт,4.60517
датасет,2.65926
датский,4.60517
датчик,2.525729
дать,0.127833
дауншифтинг,4.60517
дацюк,4.60517
дача,3.218876
дачный,4.60517
дашборд,3.506558
дб,4.60517
два,0.544727
двадцать,2.995732
дважды,4.60517
двач,4.60517
двенадцать,2.525729
дверной,3.912023
дверь,1.771957
двести,2.995732
двигатель,2.65926
двигательный,4.60517
двигать,3.218876
двигаться,1.771957
движение,1.966113
движок,2.525729
движущий,4.60517
двмп,4.60517
двое,3.912023
двоичный,4.60517
двойной,3.912023
двойняшка,4.60517
двор,3.506558
дворец,4.60517
двс,4.60517
двунаправить,4.60517
двусмысленность,4.60517
двусторонний,4.60517
двухконтурность,4.60517
двухслойка,4.60517
двухслойный,4.60517
двухтысячный,4.60517
двухуровневый,4.60517
двухэкранный,4.60517
дделать,4.60517
де,2.302585
деанонимизация,4.60517
дебаг,3.218876
дебаггера,4.60517
дебаггинга,4.60517
дебажатый,3.218876
дебажила,4.60517
дебажито,3.912023
дебажить,3.506558
дебаты,3.912023
дебиторский,4.60517
дебютировать,3.912023
дебютный,4.60517
девайс,2.120264
деваться,4.60517
девелопер,3.912023
девелоперский,3.912023
девелопмент,3.912023
девид,4.60517
девопс,4.60517
девопёс,4.60517
девочка,4.60517
девушка,2.995732
девяностый,3.506558
девятый,3.912023
девять,3.912023
деградация,2.813411
деградировать,3.218876
дед,4.60517
дедлайн,1.771957
дедовщина,4.60517
дедупликация,4.60517
дееспособный,3.912023
дежурство,4.60517
дезадаптивный,4.60517
дезинформация,4.60517
дезурбанизация,4.60517
деиндексация,4.60517
дейлик,4.60517
действенный,3.912023
действие,0.820981
действительно,1.108663
действительность,2.65926
действительный,4.60517
действовать,1.021651
дек,2.995732
декабрь,1.714798
декларативный,2.813411
декларация,3.912023
декодировать,4.60517
декомпилировать,4.60517
декомпиляция,4.60517
декомпозиция,4.60517
деконцентрация,4.60517
декор,4.60517
декоративный,3.912023
декоратор,4.60517
декорация,3.506558
делать,0.223144
делаться,2.995732
делегация,4.60517
делегирование,2.525729
делегировать,2.995732
деление,3.506558
деликатно,4.60517
деликатный,3.912023
делинь,4.60517
делить,4.60517
делиться,1.07881
дело,0.415515
деловой,2.65926
делопортс,4.60517
дельгядо,4.60517
дельно,4.60517
дельный,3.912023
дельта,3.912023
деметр,4.60517
демидов,4.60517
демилитаризация,4.60517
демис,4.60517
демку,4.60517
демографический,3.912023
демократический,4.60517
демократичный,3.912023
демократия,4.60517
демон,3.506558
демонстрация,2.65926
демонстрировать,2.525729
демосцена,4.60517
демпартия,4.60517
демпинг,4.60517
ден,4.60517
денацификация,4.60517
денежка,4.60517
денежный,2.65926
денис,2.525729
деннис,4.60517
день,0.116534
деньга,0.891598
департамент,4.60517
деплоить,2.813411
деплоиться,4.60517
деплый,3.912023
депозит,4.60517
депрессия,3.506558
депрециация,4.60517
депутат,3.912023
деревня,2.407946
дерево,2.995732
деревянный,3.218876
держава,3.912023
держать,1.771957
держаться,2.407946
дерьмофикация,4.60517
десакрализировать,4.60517
десерт,4.60517
дескать,4.60517
дескриптор,4.60517
десктоп,4.60517
десктопной,4.60517
десктопном,3.912023
десктопный,3.912023
десятилетие,2.120264
десятилетний,3.506558
десятка,1.139434
десяток,1.89712
десятый,3.218876
десять,1.171183
детализация,4.60517
детализировать,3.912023
деталь,0.994252
детально,3.506558
детальный,3.506558
детектировать,3.912023
детектор,2.813411
детекторный,4.60517
детекции,3.218876
детишки,4.60517
детище,3.912023
детский,3.218876
детство,3.506558
деться,3.912023
детёныш,4.60517
дефект,4.60517
дефиниция,4.60517
дефицит,1.89712
дефицитность,4.60517
дефицитный,3.912023
дефолтный,4.60517
деформация,4.60517
децентрализация,4.60517
децентрализованный,3.912023
дешевизна,4.60517
дешёвый,1.560648
деятель,3.912023
деятельность,1.203973
джампер,4.60517
джарвис,4.60517
джеймс,3.912023
дженкинс,4.60517
дженсный,4.60517
джерси,4.60517
джет,3.912023
джеффри,4.60517
джидда,4.60517
джим,4.60517
джиня,4.60517
джитсу,4.60517
джиу,4.60517
джо,4.60517
джозеф,4.60517
джон,3.912023
джонатан,4.60517
джордж,4.60517
джош,4.60517
джуна,2.302585
джуниор,3.912023
джуновый,3.218876
джуном,2.65926
джуффря,4.60517
дзен,0.261365
дзирайя,4.60517
диабет,3.912023
диагноз,4.60517
диагностика,2.65926
диагностировать,3.912023
диагностический,4.60517
диагональ,4.60517
диаграмма,2.995732
диалапа,4.60517
диалектика,4.60517
диалог,1.560648
диаметр,4.60517
диана,4.60517
диапазон,2.813411
диван,4.60517
диверсификация,4.60517
диверсифицировать,3.912023
дивиденд,4.60517
дивный,4.60517
дизайн,1.108663
дизайнер,2.302585
дизайнерский,3.912023
дизассемблер,4.60517
дизельный,4.60517
дизлайковый,4.60517
дико,3.912023
диктатор,4.60517
диктаторский,4.60517
диктовать,2.302585
диктор,4.60517
дима,3.912023
динамик,4.60517
динамика,3.506558
динамически,4.60517
динамический,2.65926
динамично,4.60517
динамичный,3.218876
дино,4.60517
диод,4.60517
диофантовый,4.60517
диплом,3.218876
дипломатический,4.60517
дипломный,3.506558
диполь,4.60517
дипфейк,2.995732
директ,3.912023
директива,4.60517
директор,1.660731
директория,3.506558
дирижабль,4.60517
дисбаланс,3.912023
диск,1.966113
дискета,3.912023
дисклеймера,3.218876
дисковод,4.60517
дисковый,4.60517
дисконт,4.60517
дискорд,3.912023
дискретность,3.912023
дискриминация,3.912023
дискриминировать,4.60517
дискурс,4.60517
дискуссиия,4.60517
дискуссионный,3.218876
дискуссия,2.995732
дислоцироваться,4.60517
дисперсия,4.60517
дисплей,3.218876
диссонанс,3.912023
дистанционный,3.506558
дистанция,3.912023
дистиллировать,4.60517
дистрибутив,3.506558
дистрибьютор,4.60517
дисциплина,2.65926
дисциплинарный,4.60517
дисциплинировать,4.60517
дифицит,4.60517
дифф,4.60517
дифференцированный,4.60517
диффузионный,4.60517
дичь,3.506558
длина,3.218876
длинноволновый,4.60517
длинный,1.347074
длительность,4.60517
длительный,3.218876
длиться,3.912023
дмитриев,3.506558
дмитрий,1.966113
дмс,4.60517
дневник,3.218876
днепровский,4.60517
днк,3.912023
дно,2.65926
днр,4.60517
добавить,0.18633
добавиться,3.218876
добавление,2.65926
добавлять,2.040221
добавляться,4.60517
добавочный,4.60517
добирать,4.60517
добираться,2.120264
добиться,2.995732
доблестно,4.60517
добраться,2.813411
добро,2.407946
добровольно,3.912023
добровольный,3.912023
добровольческий,4.60517
доброжелательный,3.912023
добросовестно,4.60517
доброта,4.60517
доброхим,4.60517
добрый,2.525729
добывать,3.218876
добыча,2.65926
доведение,4.60517
довезти,4.60517
доверенный,3.912023
доверие,2.525729
доверительный,4.60517
доверить,3.506558
довериться,4.60517
доверять,1.514128
довести,2.207275
довестись,4.60517
доводить,3.506558
доводиться,3.912023
довольно,0.891598
довольный,3.218876
довщина,4.60517
догадаться,3.218876
догадываться,4.60517
догнать,4.60517
догнаться,4.60517
договариваться,3.912023
договор,1.714798
договориться,2.813411
договорный,3.506558
договорённость,3.218876
догонялки,4.60517
догонять,2.407946
догорать,4.60517
додумать,4.60517
доезжать,4.60517
дождаться,4.60517
дождь,2.995732
дожидаться,4.60517
дожить,3.912023
доза,4.60517
дозаписать,4.60517
дозвуковой,4.60517
дозревать,4.60517
дойти,2.302585
док,3.506558
доказательный,4.60517
доказательство,2.995732
доказать,2.65926
доказывать,2.407946
доказываться,4.60517
докер,4.60517
докинуть,4.60517
доклад,2.407946
докладчик,4.60517
докладывать,4.60517
докопаться,4.60517
докручивать,4.60517
доктор,4.60517
доктрина,3.912023
документ,0.139262
документальный,4.60517
документация,1.309333
документировать,3.912023
документооборот,4.60517
долг,2.040221
долгий,1.714798
долго,1.714798
долговечный,3.912023
долговой,3.506558
долгожданный,4.60517
долгожитель,4.60517
долгоиграющий,4.60517
долгосрочный,2.813411
долезать,4.60517
долетать,3.912023
долететь,4.60517
должностной,4.60517
должность,3.218876
должный,0.400478
долина,3.506558
доллар,1.560648
долларовый,4.60517
долой,4.60517
доля,2.302585
дом,1.049822
домашний,2.120264
домен,2.302585
доменный,3.218876
домик,4.60517
доминировать,3.506558
домогательство,4.60517
домодедово,4.60517
домодедовский,4.60517
домой,3.218876
домоуправлять,4.60517
домофон,4.60517
домысел,4.60517
дон,4.60517
дональд,3.506558
доначислить,4.60517
донбасс,4.60517
донести,3.912023
донимать,4.60517
донор,3.506558
доносить,3.912023
дончев,4.60517
дообучаться,4.60517
дообучение,4.60517
доп,3.912023
допечатать,4.60517
допечатка,4.60517
допиливания,4.60517
допиливать,3.912023
допилить,4.60517
дописать,3.912023
дописывать,4.60517
дополнение,2.525729
дополнительно,2.995732
дополнительный,1.049822
дополнять,2.995732
доппа,4.60517
допрос,3.506558
допуск,4.60517
допускать,2.65926
допускаться,2.120264
допустимый,3.506558
допустить,2.525729
допущение,3.218876
дорабатывать,3.912023
дорабатываться,4.60517
доработать,2.813411
доработка,2.995732
дорасти,2.813411
дореволюционный,4.60517
дорога,1.714798
дорого,2.120264
дорогой,1.560648
дорогостоящий,3.912023
дорожать,2.995732
дорожка,4.60517
дорожный,2.65926
дортех,4.60517
доска,2.813411
досрочно,4.60517
досрочный,4.60517
доставать,3.506558
доставить,2.65926
доставка,2.207275
доставлять,2.995732
доставщик,4.60517
достаточно,1.049822
достаточность,3.912023
достаточный,2.813411
достать,3.506558
достаться,3.506558
достигаемый,4.60517
достигать,2.525729
достигаться,3.912023
достигнуть,1.560648
достижение,2.65926
достоверно,4.60517
достоверность,2.995732
достоверный,3.506558
достоевский,3.912023
достоинство,4.60517
достойно,4.60517
достопримечательность,4.60517
достроить,4.60517
доступ,0.634878
доступно,2.65926
доступность,2.525729
доступный,0.84397
досуг,2.813411
досудебный,3.912023
досье,4.60517
дотационный,4.60517
дотягивать,4.60517
дофамин,2.995732
дофаминовый,4.60517
доход,1.660731
доходимость,4.60517
доходить,2.65926
доходность,3.506558
доходный,4.60517
доходчиво,3.912023
дочерний,2.995732
дочитать,3.912023
дочка,3.218876
дочь,4.60517
дощечка,4.60517
др,3.218876
драгоценный,4.60517
драйв,3.912023
драйвер,2.65926
драка,4.60517
дракон,3.912023
драма,2.995732
драматический,4.60517
драматичный,3.218876
древесина,4.60517
древний,2.207275
древность,3.912023
дрейф,3.506558
дремать,4.60517
дробить,3.912023
дробова,4.60517
дробот,3.912023
дрова,4.60517
дровяной,4.60517
дрогнуть,4.60517
дрожать,4.60517
дрозденко,4.60517
дрозофила,4.60517
дрон,2.65926
дронов,4.60517
дроп,3.912023
дроссель,4.60517
дрочить,4.60517
друг,0.634878
другой,0.150823
дружба,3.506558
дружелюбный,4.60517
дружить,3.506558
дружно,4.60517
дтп,4.60517
дть,2.813411
дуб,4.60517
дубином,4.60517
дубликат,4.60517
дублирование,2.813411
дублировать,2.302585
дубль,3.506558
дудергофский,4.60517
думать,0.916291
думина,4.60517
дуополия,4.60517
дурак,4.60517
дурацкий,4.60517
дурной,4.60517
дуров,3.912023
дух,1.832581
духовность,4.60517
духовный,3.912023
душа,2.995732
душить,4.60517
душный,3.912023
дык,3.912023
дым,3.218876
дыра,2.995732
дырка,4.60517
дыхание,3.218876
дыхательный,4.60517
дышать,3.506558
дэвид,3.506558
дэн,3.218876
дюйм,3.506558
дюймовый,3.218876
дюралюминий,4.60517
дядька,4.60517
дёготь,4.60517
дёмин,4.60517
дёргать,4.60517
дёргаться,2.995732
еаэс,4.60517
евангелизм,4.60517
евангелист,4.60517
евгений,2.65926
евраз,4.60517
евразийский,4.60517
еврейский,3.912023
евро,3.912023
евродвушка,4.60517
еврокомиссия,4.60517
европа,2.995732
европейский,2.65926
евросоюз,4.60517
египетский,4.60517
египтянин,4.60517
егор,3.912023
еда,2.525729
едва,3.506558
единица,2.813411
единичный,3.912023
единовременно,3.912023
единовременный,3.912023
единогласно,4.60517
единолично,4.60517
единоличный,4.60517
единоразов,4.60517
единственно,4.60517
единственный,1.560648
единство,4.60517
единый,1.469676
еее,4.60517
ежегодно,2.813411
ежегодный,3.218876
ежедневно,3.218876
ежедневный,2.525729
ежеквартальный,4.60517
ежемесячно,3.506558
ежемесячный,2.813411
еженедельный,3.218876
ездить,3.506558
екатерина,3.218876
екатеринбург,3.912023
еле,4.60517
елена,3.912023
елизавета,3.912023
елисей,4.60517
елян,4.60517
емейл,4.60517
енго,4.60517
енерировать,4.60517
ермак,4.60517
ерунда,4.60517
ерёменок,4.60517
ес,3.506558
есенин,4.60517
есличто,4.60517
еспд,4.60517
естественно,3.506558
естественный,2.207275
естествознание,4.60517
есть,2.525729
ефрем,4.60517
ехать,3.218876
ещё,0.430783
её,0.733969
жадность,4.60517
жалеть,3.218876
жалкий,4.60517
жалко,3.912023
жалоба,2.207275
жаловаться,2.995732
жаль,4.60517
жалюзи,4.60517
жанр,2.65926
жара,3.912023
жаргон,4.60517
жаркий,4.60517
жаркое,4.60517
ждать,0.994252
жевать,3.506558
желание,1.386294
желательно,4.60517
желать,2.525729
железа,2.813411
железка,3.912023
железнодорожный,3.506558
железный,2.65926
железо,1.203973
железяка,4.60517
железячный,4.60517
желудок,4.60517
жемчужина,4.60517
жена,2.65926
женщина,2.65926
жером,4.60517
жертва,2.040221
жертвовать,3.912023
жест,3.912023
жестокий,4.60517
жестокость,4.60517
жечь,4.60517
живить,4.60517
живой,1.07881
живот,4.60517
животноводство,3.912023
животное,2.995732
живучесть,4.60517
живучий,3.506558
жидкий,3.218876
жидкостный,4.60517
жизненно,4.60517
жизненный,2.302585
жизнеобеспечение,4.60517
жизнеспособный,3.912023
жизнь,0.616186
жилец,3.912023
жилищный,4.60517
жилой,3.218876
жильё,3.506558
жирный,4.60517
житель,3.218876
жить,0.891598
житься,4.60517
жк,3.912023
жкх,3.912023
жонглировать,3.506558
жпт,4.60517
жрать,4.60517
жрец,3.912023
жужжать,3.912023
жук,4.60517
жуковский,3.506558
журнал,2.207275
журналирование,4.60517
журналист,1.89712
журналистика,4.60517
журналистка,4.60517
жюля,4.60517
жюри,4.60517
жёсткий,1.660731
жёстко,4.60517
з,4.60517
забава,4.60517
забавно,3.506558
забавный,3.218876
забайкальский,4.60517
забанить,4.60517
забастовка,4.60517
забег,3.218876
забегать,4.60517
забесплатно,4.60517
забивать,4.60517
забиваться,4.60517
забикс,4.60517
забирать,2.302585
забитый,3.912023
забить,4.60517
заблокировать,2.65926
заблуждаться,4.60517
заблуждение,2.407946
заболевание,3.912023
заболеть,3.506558
забор,2.813411
забота,3.506558
заботиться,4.60517
забрать,2.995732
забраться,4.60517
забросить,4.60517
забывать,2.207275
забытый,4.60517
забыть,1.89712
заваливаться,4.60517
заваривать,4.60517
заварить,4.60517
заведение,3.912023
завезти,4.60517
завербовать,4.60517
заверение,4.60517
заверить,4.60517
завершать,4.60517
завершаться,3.506558
завершение,2.407946
завершить,2.040221
завершиться,4.60517
завести,2.813411
завестись,3.912023
завещать,4.60517
завидовать,3.912023
завируситься,4.60517
зависать,3.912023
зависеть,1.237874
зависеться,3.912023
зависимость,1.171183
зависимый,3.912023
зависнуть,3.912023
завод,1.609438
заводить,3.912023
заводский,3.218876
заводчан,4.60517
завоеватель,4.60517
завозить,4.60517
завоёвывать,4.60517
завтра,2.995732
завтрак,3.912023
завтрашний,3.912023
завысить,4.60517
завышать,4.60517
завязать,2.995732
завязаться,4.60517
завязка,4.60517
загадка,4.60517
загадочный,4.60517
заглушить,4.60517
заглушка,4.60517
заглядывать,3.506558
заглянуть,1.89712
загнать,3.218876
загнуться,4.60517
заговор,4.60517
заголовок,1.771957
загонять,4.60517
загореться,4.60517
загородить,4.60517
загородный,4.60517
заградительный,3.912023
загроможденность,4.60517
загружать,2.407946
загружаться,3.506558
загрузить,1.660731
загрузиться,4.60517
загрузка,2.120264
загрузчик,4.60517
загрязнение,3.912023
загрязнять,4.60517
задавать,1.89712
задаваться,2.813411
задание,2.65926
задать,2.040221
задаться,3.912023
задача,0.261365
задачка,2.813411
задворки,4.60517
задевать,3.912023
задействовать,2.995732
задеплоить,4.60517
задержать,3.912023
задержаться,4.60517
задержка,2.525729
задерхка,4.60517
задеть,2.995732
задний,3.912023
задокументированный,4.60517
задолго,2.65926
задолжать,4.60517
задолженность,3.506558
задом,4.60517
задротский,4.60517
задумать,3.912023
задуматься,3.218876
задумка,3.218876
задумывать,4.60517
задумываться,1.89712
задушить,3.506558
заездить,3.912023
заесть,4.60517
зажать,4.60517
зажигательный,4.60517
зажмуриваться,4.60517
заземляться,4.60517
зазор,4.60517
заикаться,4.60517
заинтересованный,3.912023
заинтересовать,3.218876
заинтересоваться,4.60517
зайти,2.813411
заказ,2.120264
заказать,3.506558
заказной,3.506558
заказчик,1.966113
заказывать,4.60517
закалка,4.60517
заканчивать,3.218876
заканчиваться,2.120264
закат,4.60517
закатать,4.60517
закатывание,4.60517
закатывать,4.60517
закинуть,2.995732
закипание,4.60517
заклад,4.60517
закладка,0.261365
закладывать,2.995732
закладываться,4.60517
заклеить,4.60517
заклинание,3.912023
заключать,2.813411
заключаться,2.302585
заключение,1.89712
заключительный,2.995732
заключить,2.120264
закон,1.347074
законно,4.60517
законность,3.912023
законный,2.995732
законодатель,3.912023
законодательный,4.60517
законодательство,1.427116
закономерность,2.995732
законопроектный,3.912023
законотворчество,4.60517
закончить,2.995732
закончиться,1.832581
законъ,4.60517
закрасить,4.60517
закредитованность,4.60517
закрепить,3.506558
закрепиться,3.506558
закрепление,4.60517
закреплять,4.60517
закрепляться,4.60517
закрой,4.60517
закрутить,3.912023
закрывать,1.347074
закрываться,2.813411
закрытие,2.120264
закрытый,2.040221
закрыть,1.714798
закрыться,3.912023
закупать,3.912023
закупка,3.218876
зал,1.309333
зала,4.60517
залезть,4.60517
залететь,3.506558
заливать,4.60517
залипать,2.813411
залить,2.995732
залог,4.60517
заложить,2.813411
заманивать,3.912023
заманчивый,3.912023
заманывать,4.60517
замахнуться,4.60517
замашка,4.60517
замглавы,3.912023
замедление,3.506558
замедлиться,3.912023
замедлять,4.60517
замедляться,3.218876
замена,2.207275
заменить,1.309333
заменять,2.407946
замер,4.60517
замереть,3.912023
замерить,4.60517
заместитель,3.912023
заместить,3.506558
заметить,1.427116
заметка,2.65926
заметно,1.966113
заметный,2.207275
замечание,4.60517
замечательный,3.218876
замечать,2.302585
замешать,4.60517
замещение,3.218876
замиксовать,4.60517
замкнутый,3.912023
замначальник,4.60517
замоддить,4.60517
замок,4.60517
заморачиваться,3.912023
заморозить,3.218876
заморозка,4.60517
замоскворечье,4.60517
зампред,4.60517
замужем,4.60517
замутить,3.912023
замыкать,4.60517
замысел,4.60517
занижать,4.60517
занимательный,2.813411
занимать,1.89712
заниматься,0.891598
заново,2.995732
занудный,3.506558
занудство,4.60517
занятие,2.302585
занятный,3.506558
занятой,3.912023
занятость,2.407946
занятый,2.525729
занять,1.89712
заняться,2.407946
заоблачный,4.60517
заодно,2.995732
заочный,4.60517
запад,2.995732
западный,2.407946
запас,2.65926
запасаться,4.60517
запасный,3.506558
запах,3.912023
запилить,3.506558
запираться,4.60517
записать,3.506558
записаться,3.912023
записка,4.60517
записывать,3.218876
записываться,3.912023
запись,1.832581
запихнуть,3.912023
запланировать,3.218876
заплатить,2.525729
заплюсовать,4.60517
запнуться,4.60517
заподозрить,4.60517
заполнение,3.912023
заполнить,3.506558
заполняемость,4.60517
заполнять,3.912023
запоминать,2.65926
запоминаться,4.60517
запомниться,4.60517
запорожский,4.60517
запороть,4.60517
заправка,4.60517
запрашивать,3.218876
запрашиваться,4.60517
запрет,1.832581
запретить,1.386294
запрещать,3.506558
запрос,0.820981
запросить,2.995732
запрыгнуть,4.60517
запуск,1.108663
запускать,1.309333
запускаться,3.506558
запустить,1.07881
запутанность,3.912023
запутать,3.506558
запчасть,3.506558
запястье,2.995732
зарабатывать,2.120264
заработать,2.207275
заработок,3.506558
заражение,3.506558
зарайск,4.60517
заранее,2.120264
зарастать,3.912023
зарегать,4.60517
зарегистрировать,2.65926
зарегистрироваться,2.525729
зарезервировать,4.60517
зарекомендовать,3.912023
зарисовка,3.912023
зародиться,4.60517
зародыш,3.912023
зарождаться,4.60517
зарождение,3.912023
зарок,4.60517
зарплата,1.714798
зарплатный,4.60517
зарубежный,2.65926
зарываться,3.912023
зарыться,4.60517
заря,4.60517
зарядить,4.60517
зарядка,4.60517
зарядный,4.60517
заседание,4.60517
заседателев,4.60517
засекать,4.60517
заселение,4.60517
заселенцев,4.60517
заскользить,4.60517
заслуга,3.218876
заслуживать,3.912023
заслужить,4.60517
засовывание,4.60517
засоряться,4.60517
заставить,1.714798
заставлять,2.302585
заставский,4.60517
застать,3.912023
застегнуть,4.60517
застеклить,4.60517
застраиваться,4.60517
застраховать,4.60517
застройка,4.60517
застройщик,3.912023
засунуть,3.912023
засуха,3.912023
засчитываться,4.60517
затащить,4.60517
затем,1.514128
затемнять,4.60517
затеряться,3.912023
затея,4.60517
затихнуть,4.60517
затишье,4.60517
зато,2.407946
затоваривание,4.60517
заточенность,4.60517
заточить,2.995732
затрагивать,2.302585
затрагиваться,4.60517
затрата,1.660731
затратить,4.60517
затратность,4.60517
затронуть,3.506558
затруднение,4.60517
затруднительный,4.60517
затруднить,4.60517
затруднять,4.60517
затуманить,4.60517
затухание,4.60517
затягивать,2.813411
затяжной,3.218876
затянуть,4.60517
заусенец,4.60517
заучивать,4.60517
зафиксировать,2.207275
захаркожный,4.60517
захаров,4.60517
захват,2.65926
захватить,2.995732
захватывать,2.407946
захлестнуть,4.60517
захлёбываться,4.60517
заход,3.912023
заходить,1.714798
захотеть,3.218876
захотеться,2.813411
зацепить,4.60517
зацепка,4.60517
зацикленный,4.60517
зацикливать,4.60517
зачастую,2.302585
зачаток,3.912023
зачисление,4.60517
зачистить,3.506558
зачистка,4.60517
зачищать,4.60517
зачёт,4.60517
зашивать,4.60517
зашить,3.912023
зашкаливала,4.60517
зашуметь,4.60517
зашумленный,4.60517
защита,0.994252
защитить,1.89712
защитник,3.912023
защитный,3.218876
защищать,2.302585
защищённость,3.912023
заявить,1.609438
заявиться,4.60517
заявка,1.89712
заявление,2.120264
заявлять,2.65926
заявляться,4.60517
заядлый,4.60517
заём,2.995732
звание,3.506558
звать,1.139434
звезда,2.65926
звено,2.813411
зверь,3.912023
звонить,2.995732
звонок,3.218876
звук,2.207275
звукозапись,4.60517
звучать,1.386294
звучащий,4.60517
звёздный,3.912023
здание,2.407946
здорово,3.218876
здоровый,2.525729
здоровье,1.469676
здравница,4.60517
здравоохранение,2.813411
здравствовать,3.506558
здравствуйте,3.912023
здравый,2.302585
зевота,4.60517
зеленоград,4.60517
зеленский,3.912023
зелень,4.60517
зелёный,2.302585
земельный,3.912023
землетрясение,4.60517
земля,2.525729
зеркало,3.506558
зерно,3.506558
зима,2.995732
зимний,3.912023
зимой,3.912023
зиять,4.60517
злиться,3.218876
зло,3.912023
зловещий,4.60517
злой,4.60517
злость,3.912023
злоумышленник,2.813411
злоупотребление,3.218876
знавать,4.60517
знак,1.309333
знаковый,3.912023
знакомить,4.60517
знакомиться,3.912023
знакомство,2.120264
знакомый,1.139434
знаменитость,3.912023
знаменитый,2.813411
знаменовать,4.60517
знание,1.237874
знатно,4.60517
знаток,4.60517
знать,0.510826
значение,1.832581
значимость,4.60517
значимый,2.813411
значит,1.108663
значительно,2.302585
значительный,1.714798
значить,3.912023
значиться,4.60517
золото,3.506558
золотой,2.302585
зона,1.609438
зонирование,4.60517
зообизнес,4.60517
зооинформ,4.60517
зоопарк,3.218876
зп,2.813411
зпг,4.60517
зрелость,2.995732
зрелый,2.040221
зрение,1.714798
зритель,3.506558
зря,4.60517
зсть,4.60517
зуб,3.912023
зубаревич,4.60517
зубрить,4.60517
иб,2.813411
ибик,4.60517
ибо,3.218876
иван,3.218876
иванов,4.60517
ивановский,4.60517
ивахненко,3.912023
ивента,4.60517
ивф,4.60517
иган,4.60517
игнатий,2.995732
игнорирование,4.60517
игнорировать,3.218876
игнорита,4.60517
иго,4.60517
иголка,3.912023
игорь,4.60517
игра,1.108663
играть,1.89712
игровой,1.832581
игрок,2.120264
игрушка,3.218876
идеал,2.813411
идеально,2.302585
идеальный,1.609438
идейный,3.912023
идемпотентность,4.60517
идентификатор,2.65926
идентификационный,4.60517
идентификация,2.995732
идентифицировать,3.218876
идентичность,3.506558
идентичный,3.912023
идеолог,4.60517
идеология,4.60517
идея,0.478036
иджара,4.60517
идиом,4.60517
идиостиль,3.912023
идиот,4.60517
идиотизм,3.912023
идти,0.776529
иерархический,3.912023
иерархия,3.506558
избавиться,2.813411
избавлять,4.60517
избавляться,4.60517
избегание,4.60517
избегать,3.506558
избежание,4.60517
избежать,2.65926
избирательно,3.912023
избранный,4.60517
избыток,3.912023
избыточно,4.60517
избыточность,3.912023
избыточный,2.525729
известие,3.912023
известно,1.966113
известный,1.714798
извечный,4.60517
извещение,4.60517
извинить,4.60517
извлекать,4.60517
извлекаться,4.60517
извлечение,2.995732
извлечь,2.407946
извне,3.912023
извозчик,4.60517
извращение,4.60517
извращуг,4.60517
изголяться,4.60517
изготавливаться,4.60517
изготовить,4.60517
изготовление,3.912023
изготовлять,4.60517
издавать,4.60517
издание,2.302585
издатель,3.912023
издательский,3.218876
издательство,2.207275
издать,2.65926
изделие,2.813411
издержка,2.813411
излагать,4.60517
излечивать,4.60517
излишний,3.218876
изложение,3.218876
изложить,3.912023
излучать,4.60517
излучение,3.912023
изменение,0.71335
изменить,1.07881
измениться,1.049822
изменять,3.912023
изменяться,2.65926
измерение,2.407946
измеримый,3.506558
измеритель,4.60517
измерить,2.302585
измерять,3.506558
изнасилование,4.60517
изнасиловать,4.60517
изначально,1.714798
изначальный,3.506558
изнашиваться,3.912023
изнутри,2.65926
изнывать,4.60517
изображать,3.912023
изображение,1.469676
изобразить,4.60517
изобрести,3.912023
изобретатель,4.60517
изобретательно,4.60517
изобретательность,4.60517
изобретение,3.218876
изогнутый,4.60517
изолента,4.60517
изолированно,4.60517
изолировать,3.912023
изолятор,3.912023
изоляция,2.407946
изощрённость,4.60517
израиль,4.60517
израильский,4.60517
изрядный,4.60517
изтта,4.60517
изумление,4.60517
изумрудный,4.60517
изучать,1.386294
изучаться,4.60517
изучение,2.65926
изучить,2.207275
изъятие,4.60517
изъять,3.506558
изысканный,4.60517
изюм,4.60517
изюминка,4.60517
изящество,4.60517
изящный,3.912023
иит,4.60517
ииц,4.60517
иишка,4.60517
иишность,3.912023
иконка,4.60517
икс,4.60517
икт,4.60517
ил,4.60517
иллинойс,3.912023
иллюзионист,4.60517
иллюзия,3.506558
иллюзорный,4.60517
иллюминатор,4.60517
иллюстрация,2.995732
илона,2.813411
ильнур,2.995732
илья,3.506558
ильяхов,3.912023
имейл,4.60517
именно,0.34249
иметь,0.634878
иметься,2.407946
имитация,4.60517
имитировать,3.912023
иммерсивный,4.60517
иммутабельный,4.60517
империя,4.60517
имплантат,4.60517
имплантация,4.60517
импорт,2.65926
импортный,3.506558
импортозаместить,3.912023
импортозамещающий,4.60517
импортозамещение,2.65926
импортозамещить,4.60517
импортонезависимый,4.60517
импортёр,3.506558
импровизировать,4.60517
импульс,4.60517
импульсный,4.60517
имущественный,3.912023
имущество,2.995732
имхо,3.912023
имя,1.108663
ин,4.60517
инаугурация,4.60517
иначе,1.771957
инбеть,4.60517
инвариант,4.60517
инвертироваться,4.60517
инвест,4.60517
инвестбанкир,4.60517
инвестдоход,4.60517
инвестирование,4.60517
инвестировать,2.813411
инвестиционный,2.813411
инвестиция,1.469676
инвестор,2.120264
инвестполитик,4.60517
инвестпортфель,4.60517
ингосстрах,3.912023
ингредиент,4.60517
ингушетия,4.60517
индекс,2.207275
индексация,3.912023
индексировать,3.912023
инди,4.60517
индивид,3.912023
индивидуализация,4.60517
индивидуализировать,4.60517
индивидуально,3.912023
индивидуальность,4.60517
индивидуальный,1.89712
индийский,3.506558
индикативный,4.60517
индикатор,2.995732
индия,1.89712
индус,4.60517
индустриальный,4.60517
индустрия,0.71335
инерция,3.506558
инет,4.60517
инженер,1.203973
инженерия,2.407946
инженерка,4.60517
инженерный,1.108663
инжиниринг,2.407946
инжиниринговый,3.912023
инициал,3.912023
инициализация,3.506558
инициатива,2.120264
инк,4.60517
инкертинг,4.60517
инлайна,3.912023
инна,3.506558
инновационность,4.60517
инновационный,2.813411
инновация,2.813411
иннополис,4.60517
иной,1.203973
инопланетный,4.60517
инопланетянин,3.912023
иностранный,2.207275
инп,4.60517
инпад,4.60517
инсайд,4.60517
инсайт,2.65926
инспекция,4.60517
инст,3.912023
инсталлятор,3.912023
инсталляция,3.506558
инстанс,2.65926
инстанция,4.60517
институт,2.65926
институциональный,4.60517
инструктор,4.60517
инструкция,1.514128
инструмент,0.287682
инструментарий,3.506558
инструментировать,4.60517
инсулин,4.60517
инсульт,3.912023
интегральный,3.912023
интегратор,3.506558
интеграционный,3.912023
интеграция,1.386294
интегрировать,2.302585
интегрироваться,3.218876
интеллект,0.400478
интеллектуально,4.60517
интеллектуальный,1.771957
интенсив,4.60517
интенсивный,4.60517
интент,2.407946
интерактивный,2.407946
интервал,3.912023
интервью,1.714798
интерес,1.469676
интересно,1.560648
интересный,0.820981
интересовать,1.966113
интересоваться,2.407946
интернет,0.494296
интероперабельность,4.60517
интерпретатор,4.60517
интерпретация,3.506558
интерпретировать,4.60517
интерстеллара,2.995732
интерфейс,0.994252
интерфейсный,4.60517
интерфудгруппа,4.60517
интерьер,3.912023
интерьерный,4.60517
интрига,4.60517
интрижка,4.60517
интуитивно,4.60517
интуитивный,3.912023
интуиция,3.218876
инференс,2.120264
инферита,3.218876
инфинитив,4.60517
инфлюенс,4.60517
инфляция,3.912023
инфобез,2.995732
инфографик,2.120264
инфомусорный,4.60517
инфоповод,4.60517
информативный,4.60517
информатика,3.912023
информациевать,4.60517
информационно,3.912023
информационный,0.755023
информация,0.051293
информирование,4.60517
информтехника,4.60517
инфосистема,3.912023
инфоцентр,4.60517
инфоцыган,4.60517
инфраструктура,0.71335
инфраструктурный,2.302585
инфузия,4.60517
инцидент,2.65926
инъекция,4.60517
иос,4.60517
иосиф,3.912023
ип,2.207275
ипотека,3.218876
иран,2.207275
ирбис,4.60517
ирина,4.60517
иркут,4.60517
иркутск,4.60517
иркутский,3.912023
ирландия,4.60517
ирония,3.912023
иса,4.60517
исаакий,4.60517
исикт,4.60517
иск,2.302585
искажать,4.60517
искажение,3.912023
искать,0.755023
исключать,3.218876
исключение,2.207275
исключительно,1.89712
исключительный,3.218876
исключить,3.218876
ископаемое,3.218876
искоренение,4.60517
искра,4.60517
искренне,3.218876
искренний,4.60517
искусственно,3.506558
искусственный,0.430783
искусство,2.040221
ислам,4.60517
исламский,3.912023
испания,4.60517
испариться,4.60517
исповедоваться,4.60517
исполнение,2.207275
исполнитель,3.218876
исполнительный,3.218876
исполниться,4.60517
исполняемый,4.60517
исполнять,3.506558
исполняться,4.60517
использование,0.527633
использовать,0.274437
использоваться,1.171183
испортить,3.912023
исправить,2.302585
исправиться,4.60517
исправление,2.407946
исправлять,2.65926
испробовать,3.506558
испугаться,4.60517
испытание,2.525729
испытатель,4.60517
испытательный,3.912023
испытать,3.912023
испытуемый,4.60517
испытывать,2.995732
исследование,0.733969
исследователь,1.771957
исследовательский,2.813411
исследовать,2.407946
истекший,4.60517
истерика,4.60517
истечение,3.912023
истина,2.995732
истинный,3.912023
исток,3.912023
историк,2.995732
исторически,3.218876
исторический,2.525729
история,0.446287
источник,0.967584
истощённый,4.60517
истра,4.60517
истребитель,4.60517
истребование,3.912023
истринский,4.60517
истый,4.60517
исход,4.60517
исходить,2.040221
исходник,3.218876
исходно,4.60517
исходный,1.89712
исчезать,1.966113
исчезновение,4.60517
исчезнуть,2.207275
исчерпать,4.60517
исчерпывать,4.60517
исчерпывающий,4.60517
исчисляться,4.60517
ит,1.427116
итак,2.407946
италия,3.506558
итальянец,4.60517
итальянский,3.506558
итач,4.60517
итекм,4.60517
итеративный,3.218876
итерация,2.995732
итмена,3.912023
итмый,4.60517
итог,0.798508
итого,2.995732
итоговый,2.525729
итс,4.60517
итц,4.60517
итшный,4.60517
ифнс,3.912023
иц,4.60517
ишачие,4.60517
июл,3.912023
июль,2.120264
июн,3.912023
июнь,1.609438
ия,0.385662
й,2.120264
йога,4.60517
йорк,3.912023
йтм,4.60517
к,1.966113
кабальный,2.65926
кабардино,4.60517
кабель,2.995732
кабельный,4.60517
кабина,3.912023
кабинет,2.302585
кабинетный,4.60517
кавальина,2.65926
кавычка,3.912023
кад,4.60517
кадастровый,4.60517
кадис,4.60517
кадр,2.040221
кадровичка,4.60517
кадровый,2.407946
каждый,0.248461
казанский,4.60517
казань,2.813411
казанькомпрессормаш,4.60517
казаньоргсинтез,4.60517
казаться,0.597837
казахстан,3.912023
казнь,3.912023
казус,4.60517
кай,4.60517
кайрат,2.302585
кайф,3.912023
какаш,4.60517
каков,2.207275
какой,0.198451
калеева,4.60517
калека,4.60517
календарный,3.912023
календарь,2.302585
калимуллин,4.60517
калининград,3.912023
калининградский,4.60517
калиновый,4.60517
калифорния,3.912023
калман,4.60517
калмыкия,4.60517
калуга,4.60517
калужский,3.506558
калькулятор,4.60517
кальмар,4.60517
камаз,4.60517
каменеть,4.60517
каменка,4.60517
каменный,4.60517
камень,2.525729
камера,2.120264
камерность,4.60517
камерный,4.60517
камиль,3.912023
камия,4.60517
каморин,4.60517
кампания,2.525729
кампус,4.60517
камчатский,4.60517
канал,1.347074
канва,4.60517
кандидат,2.040221
кандидатский,3.912023
каникулы,3.506558
канировать,4.60517
каннибализация,4.60517
канон,4.60517
канонический,3.912023
капец,4.60517
капитал,2.207275
капитализация,2.207275
капитализм,3.506558
капиталист,4.60517
капиталистический,4.60517
капитально,2.995732
капитальный,4.60517
капитан,3.506558
капкий,4.60517
капкомовец,4.60517
капля,4.60517
капот,2.120264
каприз,3.506558
капризный,4.60517
капсула,3.912023
каптать,3.506558
капюшон,4.60517
капёс,3.912023
карамышевский,4.60517
каранг,4.60517
карандаш,4.60517
карантин,4.60517
карантинный,4.60517
карачаево,4.60517
карбоновый,4.60517
каргокульт,4.60517
карда,4.60517
кардинально,2.65926
кардинальный,4.60517
карелия,4.60517
карельский,4.60517
карета,4.60517
карибский,4.60517
карина,4.60517
каркас,3.506558
карл,4.60517
карла,3.912023
карлсон,4.60517
карма,1.386294
карман,2.813411
карманный,4.60517
карнеги,4.60517
карпаччо,4.60517
карта,1.347074
картавый,4.60517
картель,4.60517
картина,1.272966
картинговый,4.60517
картинка,1.309333
картиночка,3.506558
картографирование,3.506558
картонка,4.60517
карточка,3.912023
карточный,4.60517
карьера,1.07881
карьерный,3.506558
касательно,3.912023
касаться,1.771957
каскад,3.506558
касперский,3.506558
каспийский,4.60517
касса,2.995732
кассир,2.302585
кассовый,3.506558
каста,4.60517
кастинговый,4.60517
кастовый,4.60517
кастомизировать,4.60517
кастомный,2.65926
касьянов,4.60517
кат,1.347074
каталог,2.813411
катапультироваться,4.60517
катастрофа,2.120264
катастрофически,4.60517
категоризационный,4.60517
категорически,3.912023
категория,1.771957
катерина,4.60517
катить,4.60517
катиться,4.60517
катодный,4.60517
катушка,4.60517
катя,4.60517
кафе,3.506558
кафедра,3.912023
качать,3.912023
качели,3.506558
качественно,4.60517
качественный,2.207275
качество,0.527633
качнуть,3.912023
каширский,4.60517
каёмочка,4.60517
кб,3.912023
кбит,4.60517
кв,4.60517
квадрат,3.912023
квадратный,2.995732
квалификационный,4.60517
квалификация,2.302585
квалифицировать,2.995732
квантизация,3.912023
квантование,4.60517
квантовый,2.65926
квартал,1.89712
квартира,2.040221
квартирный,4.60517
квартирография,4.60517
квест,2.65926
квота,4.60517
кг,3.218876
кгс,4.60517
кдпть,4.60517
кейс,0.597837
кемеровский,3.912023
кемикалс,4.60517
кемикать,4.60517
кеневино,4.60517
керенский,4.60517
керим,4.60517
керосин,4.60517
керри,4.60517
кетаец,4.60517
кеш,3.912023
кеширование,4.60517
кзи,2.65926
ки,3.912023
киб,4.60517
кибер,4.60517
кибератака,2.995732
кибербез,3.506558
кибербезопасность,3.218876
кибервойна,3.912023
кибердед,4.60517
киберинцидент,4.60517
киберпанк,2.407946
киберполигон,4.60517
киберпреступник,4.60517
киберпсихология,4.60517
киберриск,4.60517
киберугроза,3.912023
киборг,4.60517
кивать,3.912023
кидать,4.60517
киев,3.506558
киевский,4.60517
килобайт,4.60517
киловатт,4.60517
киловаттный,4.60517
килограмм,4.60517
километр,2.995732
киль,4.60517
кинематика,4.60517
кино,3.218876
кинодляруководитель,4.60517
киноиндустрия,4.60517
киностудия,4.60517
кинотеатр,3.912023
кинофильм,4.60517
кион,3.912023
кипучий,4.60517
кира,4.60517
киргизия,3.912023
кирдяшкин,4.60517
кирилл,3.912023
кириллица,3.912023
кириченко,3.912023
кировский,4.60517
кирпич,3.912023
кирпичик,4.60517
кирха,4.60517
кислород,4.60517
кит,4.60517
китаец,2.65926
китай,2.040221
китайский,1.347074
кишечник,4.60517
кишка,4.60517
клава,4.60517
клавиатура,3.506558
клавиатурный,4.60517
клавиша,4.60517
клад,3.912023
кладбище,2.65926
кладовка,3.218876
кларк,4.60517
класс,1.514128
классика,2.995732
классификатор,4.60517
классификация,1.89712
классифицировать,3.506558
классический,1.272966
классный,3.912023
кластер,1.771957
кластеризация,4.60517
класть,4.60517
клеверенс,4.60517
клеветнический,4.60517
клеить,4.60517
клеймо,4.60517
клеланда,2.302585
клемма,4.60517
кленовый,4.60517
клетка,2.813411
клеточный,4.60517
клеёный,4.60517
клиент,1.021651
клиентский,2.120264
клик,2.995732
кликать,4.60517
кликбейт,3.506558
кликбейтный,4.60517
кликнуть,3.912023
климат,3.218876
климатический,3.912023
клиника,4.60517
клининга,4.60517
клинический,2.995732
клинтон,4.60517
клмментарий,4.60517
кло,4.60517
клод,3.912023
клон,2.813411
клонирование,4.60517
клонировать,2.813411
клонить,4.60517
клоунский,4.60517
клуб,2.813411
клубный,3.912023
ключ,1.514128
ключевой,0.867501
км,2.65926
кмв,4.60517
кнз,4.60517
книга,1.309333
книжка,4.60517
книжный,3.912023
кнопка,1.609438
кнопочный,4.60517
кнр,4.60517
кнут,4.60517
князь,4.60517
коаксиальный,3.912023
коалиция,4.60517
ковалёв,3.912023
коварный,4.60517
ковидный,4.60517
коворкинг,4.60517
ковыряние,4.60517
ковырять,3.912023
когерентность,4.60517
когнитивный,2.120264
когорта,3.912023
код,0.527633
кодекс,2.813411
кодер,3.218876
кодил,4.60517
кодинг,4.60517
кодинга,2.040221
кодирование,4.60517
кодироваться,4.60517
кодировка,4.60517
кодить,3.506558
кодовый,2.040221
кодогенератор,4.60517
кожа,2.995732
козлов,4.60517
козырь,3.912023
кой,2.207275
кокс,4.60517
коктебель,4.60517
коктейль,4.60517
кол,4.60517
колбаса,4.60517
колебание,4.60517
коленка,3.912023
колено,4.60517
колесников,3.506558
колесо,2.813411
количественный,3.912023
количество,0.84397
коллаборация,4.60517
коллаген,4.60517
коллаж,3.912023
коллега,1.660731
коллегиальный,4.60517
коллегия,3.506558
колледж,2.995732
коллектив,3.912023
коллективно,4.60517
коллективный,2.65926
коллекционер,4.60517
коллекционировать,4.60517
коллекция,2.207275
коллинза,4.60517
коллоидный,4.60517
коломна,4.60517
колонка,3.218876
колоссальный,2.813411
колоть,4.60517
кольцевой,3.912023
кольцо,4.60517
колёсико,4.60517
колёсный,3.912023
команда,0.597837
командир,3.912023
командный,2.207275
комбайн,3.912023
комбинат,4.60517
комбинация,2.813411
комбинирование,4.60517
комбинированный,3.506558
комбинировать,4.60517
комбоусилитель,4.60517
комедия,4.60517
коми,3.912023
комик,4.60517
комикс,3.912023
комиссионный,4.60517
комиссия,3.506558
комитет,3.218876
комичный,3.912023
коммент,3.218876
комментарий,0.248461
комментирование,4.60517
комментировать,2.65926
коммерциализировать,4.60517
коммерция,4.60517
коммерческий,1.386294
коммивояжёр,4.60517
коммит,2.525729
коммуналка,4.60517
коммунальный,3.912023
коммунизм,4.60517
коммуникатор,3.912023
коммуникационный,4.60517
коммуникация,1.89712
коммутировать,4.60517
комната,2.995732
комп,3.912023
компакт,4.60517
компактный,2.525729
компания,0.030459
компаньон,2.813411
компаунд,4.60517
компенсационный,4.60517
компенсация,3.912023
компенсировать,3.506558
компетентность,4.60517
компетентный,4.60517
компетенция,2.407946
компилировать,3.912023
компилироваться,4.60517
компилятор,3.506558
компиляция,2.813411
комплаенс,3.912023
комплекс,2.207275
комплексный,2.040221
комплект,4.60517
комплектация,4.60517
комплектный,4.60517
комплектование,4.60517
комплектующие,3.506558
комплимент,4.60517
комплиментарно,4.60517
композит,4.60517
композитный,2.813411
композитор,4.60517
композиция,3.912023
компонент,1.386294
компонентный,4.60517
компоновка,4.60517
компостер,4.60517
компрессорный,4.60517
компрометация,4.60517
компрометировать,3.506558
компромисс,2.407946
компромиссный,4.60517
компьютер,1.021651
компьютерный,1.237874
комсомольский,4.60517
комунальна,4.60517
комфорт,3.218876
комфортно,3.218876
комфортный,2.65926
комьюнити,3.506558
кон,4.60517
конвейер,2.65926
конвейерный,4.60517
конверсия,2.813411
конвертация,4.60517
конвертировать,3.506558
конгресс,3.912023
конгрессмен,4.60517
конденсатор,4.60517
кондитер,4.60517
кондиционер,4.60517
кондиционирование,3.912023
кондуктивный,3.912023
кондуктор,4.60517
конец,0.653926
конечность,4.60517
конечный,2.302585
конкорд,4.60517
конкретно,2.407946
конкретный,0.776529
конкурение,4.60517
конкурент,1.832581
конкурентноспособный,4.60517
конкурентность,4.60517
конкурентный,2.995732
конкурентоспособность,4.60517
конкурентоспособный,4.60517
конкуренция,1.966113
конкуретный,4.60517
конкурировать,2.813411
конкурс,2.65926
конкурсный,4.60517
коннект,3.912023
коннотация,4.60517
кононенко,4.60517
коноха,4.60517
консалта,4.60517
консалтинг,3.912023
консалтинговый,4.60517
консервативный,3.218876
консерватизм,4.60517
консерватор,4.60517
консервированный,4.60517
консилиум,4.60517
консистентность,3.912023
консолидированный,4.60517
консолидировать,4.60517
консоль,1.966113
консольный,2.813411
консорциум,3.912023
конспект,3.912023
конспиративный,4.60517
конспирологический,4.60517
константин,3.506558
констатация,4.60517
констатировать,4.60517
конституционный,3.912023
конструирование,4.60517
конструктивный,3.218876
конструктор,2.525729
конструкторский,4.60517
конструкция,2.302585
консультант,2.995732
консультационный,4.60517
консультация,3.218876
консультирование,3.912023
консьерж,4.60517
контакт,2.407946
контактный,3.506558
контейнер,2.813411
контейнеризация,4.60517
контейнерный,2.995732
контекст,1.07881
контекстно,4.60517
контекстный,2.207275
контекстоёмкий,4.60517
контент,0.916291
контентный,4.60517
контест,4.60517
континуум,4.60517
контора,4.60517
контрагент,3.912023
контракт,1.966113
контрактный,4.60517
контраст,4.60517
контрастность,4.60517
контрастный,3.506558
контрол,4.60517
контролировать,1.966113
контроллер,3.218876
контроль,0.916291
контрольный,3.218876
контролёр,4.60517
контрразведывательный,4.60517
контртеррористический,4.60517
контур,1.714798
контурный,4.60517
конференция,2.040221
конфессиональный,4.60517
конфетка,4.60517
конфиг,4.60517
конфига,2.65926
конфигуратор,4.60517
конфигурационный,3.912023
конфигурация,2.040221
конфиденциально,4.60517
конфиденциальность,0.150823
конфиденциальный,4.60517
конфидециальность,4.60517
конфликт,2.120264
конфликтность,4.60517
конфликтовать,3.506558
конформизм,4.60517
концентрация,3.912023
концентрироваться,3.506558
концепт,3.912023
концептуальный,3.912023
концепция,2.040221
концерн,4.60517
кончаться,4.60517
кончиться,3.218876
конъюнктура,4.60517
кооператив,4.60517
кооперативный,3.912023
кооперация,3.506558
координата,4.60517
координационный,4.60517
координация,3.912023
координировать,2.995732
копание,3.912023
копать,4.60517
копаться,3.912023
копеечка,4.60517
копеечный,4.60517
копейка,3.912023
копилот,4.60517
копипаста,3.218876
копирайт,3.506558
копирайтер,4.60517
копирайтинг,1.832581
копирование,2.525729
копировать,2.525729
копить,4.60517
копия,2.65926
копнуть,3.218876
копперфильд,4.60517
копыто,4.60517
корабль,2.65926
корейский,3.912023
корень,2.995732
корея,4.60517
коридор,3.506558
корифей,4.60517
корм,3.912023
корма,4.60517
кормилец,4.60517
кормить,3.912023
корн,4.60517
коробка,3.218876
коробочка,4.60517
коробочный,4.60517
королева,3.912023
королевский,4.60517
королевство,4.60517
король,4.60517
королёв,4.60517
коронный,4.60517
коротаевский,4.60517
коротенечко,4.60517
короткий,1.89712
коротко,2.813411
коротковатый,4.60517
коротковолновик,4.60517
короче,2.813411
корочка,4.60517
корпатом,4.60517
корпоратив,3.912023
корпоративный,0.18633
корпорация,2.040221
корпус,2.302585
корректировать,3.912023
корректировка,3.506558
корректно,3.912023
корректность,3.506558
корректный,2.813411
коррекция,3.912023
корреспондент,3.912023
корреспондентский,4.60517
корреспонденция,4.60517
коррозия,4.60517
коррупционный,4.60517
коррупция,3.912023
корусый,3.912023
корутина,4.60517
корыстный,4.60517
косвенно,4.60517
косвенный,3.912023
косметика,3.506558
космический,2.995732
космолог,4.60517
космонавтика,2.995732
космоотель,4.60517
космоплан,4.60517
космос,2.65926
космотуризм,4.60517
коснуться,4.60517
косплей,3.912023
коста,4.60517
костный,4.60517
костромской,4.60517
костыль,2.407946
костыльный,4.60517
кость,3.912023
косяк,3.912023
косяком,3.912023
кот,3.506558
котельник,4.60517
котик,3.912023
котировальный,4.60517
который,0.01005
коттедж,4.60517
котухов,4.60517
котёл,3.912023
котёнок,4.60517
коучий,4.60517
коучить,4.60517
кофе,1.89712
кофеин,3.912023
кофейный,3.506558
кофемашин,4.60517
кофемашина,4.60517
кошелёк,3.912023
кошечка,4.60517
кошка,3.506558
кошмар,3.912023
кощунство,4.60517
коэн,4.60517
коэффициент,2.995732
кп,4.60517
кпп,4.60517
кравцов,4.60517
краевой,4.60517
кража,3.506558
край,2.813411
крайне,2.65926
крайний,2.525729
крайность,4.60517
кран,3.912023
красиво,2.407946
красивый,1.171183
краситель,4.60517
красить,4.60517
красногорск,4.60517
красногорский,4.60517
краснодар,4.60517
краснодарский,3.912023
красноярск,4.60517
красноярский,4.60517
красный,3.218876
красовый,4.60517
красота,2.995732
красочный,4.60517
крастерский,4.60517
красящий,4.60517
кратер,3.912023
краткий,2.120264
кратко,2.207275
краткость,3.912023
кратное,3.912023
кратный,4.60517
краудсорсинг,3.912023
краулера,4.60517
краулинга,4.60517
крах,3.912023
креатив,3.912023
креативность,2.995732
креативный,3.506558
кредит,1.771957
кредитный,2.813411
кредитование,4.60517
кредитоваться,4.60517
кредитор,4.60517
кредитоспособность,4.60517
крейсерский,4.60517
крем,4.60517
кремль,3.912023
кремниевый,3.912023
кремний,3.912023
кремнёвый,4.60517
крепкий,2.525729
крепко,4.60517
крепление,3.912023
крепость,4.60517
кресло,3.506558
кривая,2.302585
кривой,3.912023
кризис,1.89712
кризисный,4.60517
крик,2.65926
криминалист,3.912023
криминалистический,4.60517
крипта,4.60517
криптобиоз,4.60517
криптовалюта,3.912023
криптографический,3.912023
криптография,3.218876
криптонит,4.60517
криптопро,4.60517
криптый,4.60517
крис,4.60517
кристалл,2.995732
кристина,4.60517
критерий,2.65926
критика,2.65926
критиковать,4.60517
критически,2.040221
критический,2.65926
критично,3.506558
критичный,3.506558
кровавый,3.912023
кроватка,4.60517
кровать,4.60517
кровля,4.60517
кровоток,4.60517
кровь,3.218876
крок,3.912023
кролик,3.912023
кроличий,3.912023
кроме,0.994252
кронпринц,4.60517
кропотливый,4.60517
кроссовок,4.60517
крохотный,4.60517
крошечный,3.912023
крошить,4.60517
крошка,4.60517
круг,2.207275
круглогодичный,4.60517
круглосуточно,4.60517
круглосуточный,2.995732
круглый,4.60517
круговой,4.60517
кругозор,4.60517
кружка,3.912023
кружочек,3.912023
крупица,4.60517
крупный,0.916291
крутило,3.912023
крутить,3.218876
крутиться,2.525729
круто,2.813411
крутой,2.813411
крушение,3.506558
крылатый,4.60517
крыло,2.813411
крым,3.506558
крыться,3.506558
крыша,3.912023
крючок,4.60517
ксас,4.60517
кстати,2.207275
ксюша,4.60517
кто,0.776529
кторорый,4.60517
ку,4.60517
куба,4.60517
кубик,4.60517
кубок,2.302585
кудринский,4.60517
кузбассразрезуголь,4.60517
кузнец,4.60517
кузнецов,3.218876
кузня,4.60517
кузов,4.60517
кук,2.65926
кукла,3.506558
культ,3.912023
культовый,3.506558
культура,2.302585
культурный,2.995732
кумовство,3.912023
кумулятивный,3.912023
кундуза,4.60517
купе,4.60517
купить,1.272966
купля,4.60517
купюра,4.60517
курант,4.60517
куратор,4.60517
курганский,3.912023
курилка,4.60517
курносёнков,4.60517
курорт,3.912023
курортный,3.506558
курс,0.994252
курсировать,4.60517
курский,3.912023
курсор,3.218876
куртка,3.912023
курьер,3.218876
курьерский,4.60517
кусок,2.120264
кусочек,3.912023
кутузовский,4.60517
кухня,3.506558
кухонный,4.60517
куча,1.832581
кушать,3.912023
кушниренко,4.60517
кхл,2.302585
кхороший,4.60517
кыргызстан,4.60517
кьюриосити,4.60517
кэвино,4.60517
кэла,4.60517
кэмп,4.60517
кэп,3.506558
кэш,3.218876
кэшировать,4.60517
кюблер,4.60517
л,3.912023
ла,4.60517
лаб,3.912023
лабиринт,3.506558
лаборатория,1.966113
лабораторный,4.60517
лабс,4.60517
лавинообразный,3.912023
лавка,4.60517
лавр,4.60517
лавров,2.207275
лаг,3.912023
лагерь,3.506558
лаго,4.60517
ладный,3.912023
лазер,3.912023
лазерно,4.60517
лазерный,4.60517
лазить,3.912023
лазурный,4.60517
лайк,3.912023
лайм,4.60517
лайнер,3.912023
лайфхак,1.832581
лак,4.60517
лаконичность,4.60517
лаконичный,3.912023
лакуна,4.60517
ламб,4.60517
лампа,3.912023
ламповый,4.60517
лампочка,2.995732
ландшафт,1.966113
ланита,3.506558
лапа,4.60517
лапка,4.60517
лапоть,4.60517
лаптев,4.60517
лапша,3.912023
лапшин,3.506558
ларри,4.60517
ласка,4.60517
ласточка,4.60517
латентность,4.60517
латиница,3.912023
латинский,4.60517
лауреат,3.912023
лгать,4.60517
лд,4.60517
лебединый,4.60517
лебедь,4.60517
левена,4.60517
легализация,4.60517
легализовать,3.912023
легально,3.912023
легальность,4.60517
легальный,4.60517
легасить,3.912023
легенда,2.813411
легендарный,2.813411
легитимный,4.60517
легко,1.514128
легковесный,3.912023
легковой,4.60517
ледник,4.60517
ледяной,4.60517
лежать,2.120264
лезть,3.912023
лейтенант,4.60517
лекарственный,4.60517
лекарство,2.995732
лексера,4.60517
лексика,4.60517
лексический,4.60517
лекция,2.995732
лемаев,3.912023
лемана,3.912023
ленг,4.60517
ленглендс,4.60517
лендинга,3.912023
лензолото,4.60517
ленивый,2.995732
ленинградский,3.506558
ленинский,3.218876
ленобласть,4.60517
леноблпожспас,4.60517
ленстройтрест,4.60517
лента,2.407946
лень,4.60517
леодор,3.912023
леонард,3.912023
леонид,4.60517
леонтьев,4.60517
лепка,4.60517
лера,3.506558
лес,3.218876
лесной,4.60517
лесоводство,4.60517
лесозаготовка,4.60517
лестева,4.60517
лести,4.60517
лестница,3.218876
лестничный,4.60517
летательный,4.60517
летать,2.207275
лететь,2.525729
летие,3.912023
летний,1.966113
лето,2.65926
летописец,4.60517
летопись,3.506558
лех,4.60517
лечебный,4.60517
лечение,3.218876
лечь,2.995732
либ,3.912023
либерализация,4.60517
либеральный,4.60517
либо,0.755023
ливень,3.912023
лига,4.60517
лид,3.912023
лида,2.813411
лидар,4.60517
лидер,1.771957
лидерборд,3.912023
лидербордовый,4.60517
лидерство,3.506558
лидировать,2.65926
лидом,4.60517
лиз,2.65926
лизинг,3.218876
ликвидационизм,2.995732
ликвидация,3.506558
ликвидировать,3.912023
ликвидность,3.912023
лимит,2.407946
лимон,4.60517
лимс,4.60517
линдстрёма,4.60517
линейка,2.040221
линейно,4.60517
линейность,4.60517
линейный,2.65926
линия,1.714798
линкедин,4.60517
линтер,2.995732
линукс,2.995732
линуха,4.60517
линёк,4.60517
липецкий,4.60517
липовый,4.60517
лири,4.60517
лирика,4.60517
лирический,4.60517
лисий,4.60517
лисиный,4.60517
лист,2.040221
листать,2.813411
листинг,4.60517
листовой,4.60517
листок,4.60517
литва,4.60517
литейная,4.60517
литература,2.120264
литературный,4.60517
литиевый,4.60517
литограф,4.60517
литографический,3.912023
литография,4.60517
литровый,4.60517
литтл,4.60517
лить,4.60517
лифтбек,4.60517
лихачёв,4.60517
лиходиевский,3.912023
лихорадка,3.912023
лицевой,4.60517
лицензиар,4.60517
лицензированный,4.60517
лицензировать,3.506558
лицензия,2.525729
лицо,1.386294
личка,3.912023
лично,2.525729
личность,2.525729
личный,0.916291
лишать,4.60517
лишение,4.60517
лишить,2.995732
лишний,1.272966
лишь,1.347074
лия,4.60517
лк,3.912023
ллм,4.60517
лоб,4.60517
лобачевский,4.60517
лоббирование,4.60517
лоббировать,4.60517
ловить,1.89712
ловушка,2.302585
лог,1.560648
логика,1.560648
логин,2.813411
логинов,3.218876
логировать,4.60517
логист,4.60517
логистика,1.832581
логистический,2.813411
логически,4.60517
логический,2.525729
логично,2.525729
логичный,3.218876
логотип,3.912023
лоджистикс,4.60517
лодка,4.60517
ложиться,4.60517
ложный,2.813411
лозунг,4.60517
лозунгка,4.60517
лок,4.60517
локалеть,4.60517
локализация,3.218876
локализовать,3.912023
локально,2.65926
локальный,1.203973
локаля,4.60517
локация,3.506558
ломать,2.040221
ломаться,1.966113
ломиться,4.60517
лонг,4.60517
лонгрид,3.218876
лондон,4.60517
лопаться,4.60517
лопнуть,3.218876
лор,3.218876
лора,4.60517
лоретта,4.60517
лотерея,3.218876
лох,3.912023
лошадка,3.912023
лояльность,4.60517
лояльный,3.912023
лсд,4.60517
лср,4.60517
лтд,3.506558
лубомиро,4.60517
луга,4.60517
луддизм,4.60517
лужа,4.60517
луиза,4.60517
лука,3.912023
лукацкий,4.60517
лукойл,3.912023
луна,3.506558
лунный,3.912023
лут,4.60517
лутаний,4.60517
луховицы,4.60517
луч,2.995732
лыжа,4.60517
лыкосов,4.60517
львинк,4.60517
львиный,4.60517
льготный,3.506558
льстивость,4.60517
льстивый,3.506558
льстить,3.506558
лэптоп,2.995732
любезно,4.60517
люберцы,4.60517
любимчик,4.60517
любимый,1.832581
любитель,3.506558
любительский,3.912023
любить,2.207275
любовь,3.912023
любой,0.430783
любопытно,3.218876
любопытный,3.506558
любопытство,3.506558
людоед,4.60517
людской,4.60517
люк,2.65926
люмен,4.60517
люстра,4.60517
ля,3.506558
лямбда,3.912023
ляпунов,3.506558
лёгкий,1.237874
лёгкое,3.912023
лёгкость,3.912023
лёт,3.912023
лётчик,4.60517
м,1.347074
мавис,4.60517
маг,4.60517
магадан,4.60517
магаданский,4.60517
магазин,1.469676
магистральный,2.995732
магистратура,4.60517
магический,3.912023
магия,1.966113
магнит,3.506558
магнитик,4.60517
магнус,4.60517
мадина,4.60517
мадур,4.60517
мажорный,3.506558
мазит,4.60517
мазок,4.60517
мазур,4.60517
май,2.65926
майкл,3.912023
майнд,4.60517
майнер,4.60517
майнинга,4.60517
майор,3.912023
мак,4.60517
макар,4.60517
макарский,4.60517
макбук,4.60517
макет,2.525729
макетный,4.60517
маккарти,4.60517
макконнелла,4.60517
макнамар,4.60517
макро,4.60517
макрос,4.60517
макроэкономический,4.60517
макс,2.995732
максвелл,4.60517
максим,2.407946
максималенький,4.60517
максимально,1.660731
максимальный,2.207275
максимум,2.120264
максимцев,4.60517
макссофт,4.60517
маленький,0.84397
малиный,4.60517
малкин,4.60517
мало,1.560648
маловероятный,4.60517
малодоступный,4.60517
малое,2.995732
малозначимый,4.60517
малоизвестный,2.995732
малоламповый,4.60517
малолетний,4.60517
маломихайловка,4.60517
маломощный,4.60517
малочисленный,4.60517
малоэтажный,4.60517
малый,1.560648
мальдасен,3.912023
мальск,4.60517
мальчик,3.912023
мама,2.65926
мамин,4.60517
мамкин,4.60517
мамон,4.60517
мамонт,4.60517
маникюр,4.60517
манипулирование,4.60517
манипулятивный,4.60517
манипулятор,3.506558
манипуляция,2.407946
манить,4.60517
манифест,4.60517
манишка,4.60517
мансийский,3.912023
мантра,4.60517
мантур,3.912023
мануал,4.60517
манхеттен,4.60517
манёвр,3.506558
маппить,4.60517
маппиться,4.60517
мар,4.60517
мара,0.616186
марат,3.218876
марафон,3.506558
марвин,4.60517
маргадон,4.60517
маржа,3.506558
маржинальный,4.60517
марий,4.60517
мариуполь,4.60517
марич,4.60517
мария,3.506558
марк,4.60517
марка,3.506558
маркер,3.912023
маркет,4.60517
маркетинг,1.714798
маркетинговый,2.120264
маркетолог,2.407946
маркетплейс,2.120264
маркировка,3.218876
марко,4.60517
маркс,4.60517
маркёр,3.218876
мародёр,4.60517
марс,3.912023
марсианский,4.60517
марсоход,4.60517
март,0.891598
марти,4.60517
мартовский,2.995732
мартынович,4.60517
мартышкин,4.60517
марш,3.506558
маршрут,2.525729
маршрутизатор,4.60517
маршрутизация,2.813411
марь,4.60517
масалович,4.60517
маск,1.771957
маска,3.506558
маскировать,4.60517
маскироваться,3.218876
маскировка,4.60517
масколенко,3.912023
масло,4.60517
масса,2.040221
массаж,4.60517
массажистка,4.60517
массачусетский,4.60517
массив,2.525729
массировать,4.60517
массовка,4.60517
массово,2.407946
массовость,4.60517
массовый,1.07881
мастер,2.302585
мастерская,3.912023
мастерско,4.60517
мастерство,3.912023
мастурбация,4.60517
масть,4.60517
масшабирование,4.60517
масштаб,1.89712
масштабирование,2.525729
масштабировать,2.120264
масштабироваться,3.218876
масштабный,1.560648
мат,4.60517
математик,2.407946
математика,2.120264
математический,2.407946
материал,0.527633
материализоваться,4.60517
материаловедение,4.60517
материальный,3.218876
материнский,3.506558
материя,3.506558
матерный,4.60517
матка,4.60517
маткапитал,4.60517
матрица,2.407946
матричный,3.912023
матушевич,3.912023
матч,2.207275
матчинг,4.60517
матчинга,4.60517
матчить,4.60517
мать,3.218876
мач,4.60517
мачеха,4.60517
машин,4.60517
машина,1.203973
машинист,3.506558
машинный,0.820981
машиностроение,4.60517
машиночитаемый,3.912023
маяк,4.60517
мб,3.218876
мбитый,4.60517
мва,4.60517
мгновение,4.60517
мгновенно,2.407946
мгновенный,3.506558
мгу,3.912023
мгц,4.60517
мебель,3.912023
мег,4.60517
мегабайт,3.506558
мегалит,4.60517
мегапарсек,4.60517
мегаполис,2.525729
мегатренд,4.60517
мегаценность,4.60517
мегом,4.60517
медаль,3.912023
медведев,3.912023
медведица,4.60517
медиа,1.966113
медиадоктор,3.912023
медиаиндустрия,4.60517
медианный,3.912023
медиаплатформа,4.60517
медиаполе,4.60517
медиатор,4.60517
медиафабрика,4.60517
медиахолдинг,4.60517
медийный,0.261365
медик,4.60517
медитация,3.912023
медицина,2.207275
медицинский,2.407946
медконфессиональный,4.60517
медлайна,4.60517
медленно,2.525729
медленный,2.207275
медный,4.60517
медоборудование,4.60517
медосмотр,4.60517
медпрепарат,4.60517
медпункт,3.912023
медь,4.60517
межбюджетный,4.60517
межведомственный,3.912023
международный,1.966113
межличностный,4.60517
межнациональный,4.60517
межпланетный,4.60517
межсетевой,4.60517
межузловой,4.60517
межуровневый,4.60517
мейнкун,4.60517
мейнстрим,4.60517
мейнстримовый,4.60517
мексика,4.60517
мексико,4.60517
мелкий,2.407946
мелко,4.60517
меллоно,4.60517
мелочь,3.218876
мелькать,3.912023
мельница,4.60517
мем,4.60517
мемификация,4.60517
меморандум,4.60517
мемуары,4.60517
менеджер,1.714798
менеджмент,2.207275
менее,1.386294
ментальный,3.506558
менти,3.912023
ментор,3.912023
менторинг,3.912023
менторство,3.912023
меню,2.207275
менять,1.139434
меняться,1.347074
мера,0.967584
мерзавец,4.60517
мерить,3.912023
мерка,3.506558
меркурий,4.60517
мерный,4.60517
мероприятие,1.832581
мертво,4.60517
мес,3.912023
месить,4.60517
мессенджер,1.560648
мессенжер,4.60517
мессман,4.60517
местечко,4.60517
местность,3.912023
местный,2.525729
место,0.430783
местонахождение,4.60517
местоположение,1.609438
месяц,0.544727
месячный,2.995732
метаболический,4.60517
метаверс,4.60517
метаданные,2.995732
металл,2.525729
металлический,2.995732
металлоинвест,3.506558
металлолом,4.60517
металлургический,3.912023
метаморфоза,4.60517
метапромптинг,4.60517
метатег,4.60517
метафора,3.506558
метафорический,4.60517
метафракс,4.60517
метель,3.912023
метеоокно,4.60517
метеор,4.60517
метка,4.60517
метнары,4.60517
метод,1.309333
методика,2.813411
методический,2.525729
методично,4.60517
методичный,4.60517
методолог,4.60517
методологический,4.60517
методология,1.966113
метр,3.506558
метраж,4.60517
метрика,2.040221
метрический,4.60517
метро,3.912023
метролог,4.60517
метрология,4.60517
метрополитен,4.60517
метрополь,4.60517
механизм,1.386294
механик,3.912023
механика,1.714798
механический,2.995732
механообработка,4.60517
мехатроника,4.60517
мехротр,3.218876
мецель,4.60517
мечел,4.60517
мечта,2.525729
мечтатель,4.60517
мечтать,3.912023
мешать,1.966113
мешок,2.995732
миг,4.60517
мигратор,3.912023
миграционный,4.60517
миграция,2.407946
мид,2.302585
мидлов,4.60517
мидлый,4.60517
мидхата,4.60517
микояновский,4.60517
микроб,4.60517
микробиологический,4.60517
микрогравитация,4.60517
микроизгиб,4.60517
микроконтроллер,2.525729
микроконтроллерный,4.60517
микроменеджмент,3.912023
микрон,4.60517
микропроектор,4.60517
микрорайон,4.60517
микросервис,2.995732
микросервисный,3.506558
микроскопический,4.60517
микросхема,4.60517
микротик,4.60517
микроуправление,3.912023
микрофон,3.912023
микроэлектроника,4.60517
миксовать,4.60517
миллениал,4.60517
миллиард,1.714798
миллиардер,3.912023
миллиардный,3.506558
миллиметр,4.60517
миллиметровка,4.60517
миллион,1.108663
миллионер,4.60517
миллионик,4.60517
миллионник,3.912023
миллионный,3.912023
миллисекунда,3.912023
милый,4.60517
миля,4.60517
мимика,4.60517
мимикрия,4.60517
мимо,2.207275
мина,0.261365
минвод,4.60517
миндич,4.60517
минерал,3.912023
минералс,4.60517
минеральный,3.912023
миниатюра,3.912023
миниатюрный,3.912023
минимализм,3.912023
минимально,3.912023
минимальный,1.714798
минимизация,4.60517
минимизировать,3.218876
минимум,1.514128
министерство,2.207275
министр,2.65926
минишкафчик,3.912023
минобороны,3.218876
миновать,4.60517
минпромторг,4.60517
минск,4.60517
минский,4.60517
минторг,4.60517
минувший,4.60517
минуллина,4.60517
минус,2.207275
минута,1.07881
минутка,3.912023
минуточка,4.60517
минфин,3.218876
минцифра,3.912023
минь,2.65926
минюст,2.525729
мир,0.478036
мирая,4.60517
мирно,4.60517
мирный,3.912023
мировоззрение,3.912023
мировой,1.832581
миротворец,4.60517
миссия,2.995732
митчелл,4.60517
миф,2.302585
михаил,2.525729
михаилбоднарук,4.60517
михаилович,3.912023
михеев,4.60517
миша,4.60517
мишень,4.60517
мка,4.60517
мкк,4.60517
мкпао,4.60517
младенец,4.60517
младший,2.995732
млечный,4.60517
млн,1.469676
млрд,1.427116
ммк,3.912023
мнацаканов,4.60517
мнг,4.60517
мнение,0.510826
мнимый,4.60517
многие,0.941609
многий,1.469676
многоагентной,4.60517
многоагентный,4.60517
многодетный,4.60517
многодневный,4.60517
многое,1.660731
многозадачность,4.60517
многоквартирный,4.60517
многократно,3.506558
многократный,3.912023
многолетний,3.912023
многомесячный,4.60517
многомиллиардный,4.60517
многомиллионный,3.912023
многораундов,4.60517
многослойка,4.60517
многослойный,3.506558
многостраничный,4.60517
многоступенчатый,4.60517
многоугольник,4.60517
многоуровневый,2.995732
многофункциональный,3.912023
многоходовый,4.60517
многоцветный,4.60517
многочисленный,2.65926
многошаговый,3.218876
многоэтажка,4.60517
многоэтажный,4.60517
многоядерный,4.60517
многоязычный,4.60517
множественный,3.912023
множество,1.660731
множиться,3.912023
мнёвники,4.60517
мобайл,3.912023
мобилизационный,3.912023
мобилизация,3.218876
мобилизовать,4.60517
мобильность,3.912023
мобильный,1.427116
могущественный,4.60517
мод,3.912023
мода,3.218876
моделирование,2.525729
моделировать,4.60517
модель,0.301105
моделька,3.912023
модельный,3.218876
модем,3.506558
модемный,4.60517
модератор,3.912023
модерация,3.912023
модернизация,3.912023
модернизированный,4.60517
модификатор,4.60517
модификация,3.506558
модифицировать,3.912023
модифицироваться,4.60517
модный,2.407946
модовый,4.60517
модуль,1.660731
модульность,3.912023
модульный,3.218876
модулятор,4.60517
модуляция,4.60517
можайский,4.60517
мозг,1.771957
мозговой,4.60517
мозоль,4.60517
мой,0.579818
мойофис,3.912023
мойсклад,4.60517
мокнуть,4.60517
мол,3.218876
молдавия,4.60517
молибог,4.60517
молния,4.60517
молодец,3.506558
молодой,2.302585
молодёжный,4.60517
молодёжь,3.912023
молоко,4.60517
молочко,4.60517
молча,4.60517
молчание,4.60517
молчать,3.506558
момент,0.446287
моментально,3.218876
моментальный,4.60517
монада,4.60517
монах,4.60517
монета,3.218876
монетизация,3.506558
монитор,2.995732
мониторинг,1.386294
мониторит,3.912023
мониторить,2.525729
монография,4.60517
монозадачность,4.60517
монолит,3.912023
монолитный,3.912023
монополист,4.60517
монополия,3.912023
монопрепарат,3.506558
монотонность,4.60517
монотонный,3.912023
монреаль,4.60517
монстр,3.912023
монтаж,3.218876
монтировать,4.60517
мораль,4.60517
морально,3.912023
моральный,3.912023
мораторий,4.60517
моргнуть,4.60517
мордашка,4.60517
мордвинец,4.60517
морделла,4.60517
мордовия,4.60517
море,2.813411
мороз,3.218876
морозов,3.912023
морской,3.506558
морфология,4.60517
мосбиржа,4.60517
мосгорсуд,4.60517
москабель,4.60517
москва,1.386294
москвич,4.60517
московский,2.407946
московца,4.60517
моссад,4.60517
мост,3.218876
мостик,4.60517
мострансавто,4.60517
мосэнерго,4.60517
мотив,3.218876
мотивационный,3.506558
мотивация,3.912023
мотивированный,3.912023
мотивировать,3.912023
мотоклуб,4.60517
мотопутешествие,4.60517
мотор,4.60517
моторика,4.60517
мотоцикл,3.912023
моутон,4.60517
моушный,3.912023
мох,3.912023
мохноногий,4.60517
мочь,0.139262
мошенник,3.912023
мошеннический,4.60517
мошенничество,3.506558
мощность,1.514128
мощный,1.309333
мощь,3.218876
мр,4.60517
мрачный,4.60517
мс,3.218876
мсб,3.912023
мск,3.912023
мсп,3.912023
мт,4.60517
мтс,1.609438
мудараб,4.60517
мудбордовый,4.60517
мудрый,4.60517
мудёр,4.60517
муж,4.60517
мужик,3.912023
мужской,4.60517
мужчина,2.813411
музей,2.65926
музыка,2.525729
музыкальный,3.506558
музыкант,3.912023
мука,4.60517
муллахмет,4.60517
мультиагентной,4.60517
мультиагентный,2.525729
мультимедиа,4.60517
мультимодальность,3.218876
мультимодальный,2.302585
мультипликатор,3.912023
мультиприложенческий,4.60517
мультисервисный,4.60517
мультиспециалист,3.506558
мультиязычность,4.60517
мультиязычный,3.912023
муляж,4.60517
муниципальный,2.813411
мурабах,4.60517
муравей,4.60517
муравейник,4.60517
мурманский,4.60517
мусиенко,4.60517
мусихина,3.912023
мускулинный,4.60517
мусор,2.65926
мусорить,4.60517
мусорк,4.60517
мусорный,3.506558
мустафина,3.506558
мусульманин,4.60517
мутация,4.60517
мутно,4.60517
мутный,3.506558
муха,3.912023
мухаммед,3.912023
мучение,3.912023
мучить,4.60517
мучиться,3.912023
мушарак,4.60517
мушка,4.60517
мфть,4.60517
мфц,4.60517
мчаться,4.60517
мчс,4.60517
мы,0.653926
мыльница,4.60517
мысленный,3.912023
мыслитель,2.813411
мыслительный,3.218876
мыслить,2.65926
мысль,1.021651
мыть,4.60517
мычание,4.60517
мышечный,4.60517
мышка,2.813411
мышление,1.660731
мышца,4.60517
мышь,2.813411
мэнникс,4.60517
мэппинг,4.60517
мэр,4.60517
мэтт,3.218876
мэтью,4.60517
мягкий,3.218876
мягко,2.813411
мягкость,4.60517
мякоть,4.60517
мясной,4.60517
мясо,3.912023
мясосодержать,4.60517
мяч,4.60517
мёд,4.60517
мёртвый,2.65926
н,3.218876
наб,4.60517
набежать,4.60517
набережная,3.912023
набирать,2.207275
набитый,3.506558
набить,3.912023
наблюдаемость,2.207275
наблюдатель,2.813411
наблюдать,2.207275
наблюдаться,2.995732
наблюдение,1.89712
набор,1.203973
набрать,2.525729
набраться,4.60517
набросок,3.912023
навайбкоденный,4.60517
наверно,3.912023
наверное,2.302585
наверняка,1.771957
наверх,4.60517
наверху,4.60517
навес,4.60517
навесить,3.912023
навести,2.995732
навешивание,4.60517
навешивать,3.912023
навеять,4.60517
навигатор,4.60517
навигационный,3.912023
навигация,1.832581
наводка,4.60517
наводнение,3.912023
наводнить,4.60517
навредить,4.60517
навсегда,2.813411
навык,1.347074
навязывать,4.60517
нагло,4.60517
наглядно,4.60517
наглядность,4.60517
награда,3.506558
награждение,4.60517
нагрев,4.60517
нагревание,4.60517
нагреть,3.506558
нагреться,4.60517
нагрузить,4.60517
нагрузка,1.469676
надбавка,4.60517
надвигаться,4.60517
надежда,2.207275
надеиться,4.60517
наделить,4.60517
наделла,2.65926
надеяться,1.469676
надзиратель,3.506558
надзор,2.813411
надзорный,3.912023
надлежащий,3.912023
надлом,4.60517
надобность,3.506558
надоесть,3.218876
надолго,3.218876
надпись,3.912023
надрывный,3.912023
надстройка,3.912023
надумать,4.60517
надуться,4.60517
надцать,4.60517
надёжно,2.65926
надёжность,2.120264
надёжный,1.469676
нажатие,3.506558
нажать,2.65926
нажимать,2.995732
нажиматься,4.60517
назад,0.248461
назаров,4.60517
название,1.347074
назвать,1.139434
наземный,3.506558
назин,4.60517
назначать,3.912023
назначение,3.218876
назначить,3.218876
назойливый,4.60517
называть,1.237874
называться,1.560648
наиболее,1.469676
наивно,4.60517
наивный,3.506558
наизусть,4.60517
наименее,4.60517
наименование,2.525729
найти,0.562119
найтись,2.040221
наказание,3.506558
наказывать,4.60517
накаливание,4.60517
накальный,4.60517
накануне,4.60517
накапливать,3.506558
накапливаться,4.60517
накатить,4.60517
накачивать,4.60517
накидать,3.218876
накидывать,3.912023
накинуть,4.60517
накладный,4.60517
накладывать,3.506558
накладываться,4.60517
наклониться,4.60517
наклонный,4.60517
накодил,4.60517
накодить,4.60517
наконечник,4.60517
накопитель,2.995732
накопительный,4.60517
накопить,2.813411
накопиться,2.207275
накопление,2.525729
накосячить,3.912023
накрутить,4.60517
накрывать,4.60517
налагать,4.60517
наладить,2.995732
налаживание,4.60517
налево,4.60517
наливать,3.912023
наличие,1.514128
наличка,4.60517
наличный,3.912023
налог,2.407946
налоговик,4.60517
налоговый,2.525729
налогообложение,3.506558
налогоплательщик,3.912023
наложение,4.60517
наложить,3.912023
наложиться,3.506558
налёт,4.60517
наматывание,4.60517
наматывать,4.60517
намерение,2.120264
намеренно,3.912023
намеренный,3.912023
намерить,4.60517
намертво,3.506558
наметить,4.60517
намного,2.813411
нанести,2.65926
нанимать,2.407946
наноматериал,4.60517
наносить,3.506558
нанософт,4.60517
нанотрубка,4.60517
нанять,3.506558
наоборот,1.89712
нападение,2.302585
напеть,4.60517
напечатать,4.60517
напильник,4.60517
написание,1.347074
написать,0.597837
напиток,3.912023
напиться,4.60517
напихать,4.60517
наплакать,4.60517
наплести,4.60517
наплыв,4.60517
наполнение,4.60517
наполнить,3.912023
наполовину,3.218876
напоминалка,4.60517
напоминание,3.912023
напоминать,2.407946
напомнить,2.302585
напоследок,4.60517
направить,1.469676
направление,1.139434
направлять,2.995732
направляться,2.813411
напрашиваться,3.912023
например,0.891598
напросто,4.60517
напротив,3.218876
напрочь,4.60517
напрягать,4.60517
напряжение,3.218876
напряжённость,4.60517
напряжённый,4.60517
напрямую,1.966113
напрячь,4.60517
напрячься,3.912023
наработать,4.60517
наработка,3.912023
нарастать,3.912023
нарастить,2.813411
наращивание,4.60517
наращивать,3.218876
нарезать,3.506558
нарисовать,3.218876
наркотический,4.60517
народ,2.65926
народный,3.506558
нарофоминск,4.60517
нарратив,3.912023
наружу,3.218876
наруто,4.60517
нарушать,3.218876
нарушаться,3.218876
нарушение,1.427116
нарушитель,4.60517
нарушить,3.506558
нарушиться,4.60517
нарциссизм,4.60517
нарциссичный,4.60517
нарьян,4.60517
наряд,4.60517
нарядный,4.60517
наряду,3.912023
наса,3.912023
насекомоведение,4.60517
насекомое,3.912023
население,2.995732
населить,3.506558
насилие,3.506558
насиловать,4.60517
насильственный,4.60517
насколько,1.021651
насладиться,4.60517
наслаждаться,3.912023
наслать,2.302585
наследие,3.506558
наследный,4.60517
наследство,4.60517
насмотренность,4.60517
наспех,4.60517
наставник,3.218876
наставница,3.912023
настаивать,3.912023
настать,3.506558
настигнуть,4.60517
настойчиво,3.506558
настолько,1.832581
настольный,1.966113
настораживать,4.60517
насторожить,4.60517
настоящий,0.916291
настраивать,2.302585
настраиваться,3.912023
настроение,3.218876
настроить,1.660731
настроиться,4.60517
настройка,0.198451
наступать,2.995732
наступить,2.65926
наступление,4.60517
насущный,4.60517
насчитывать,3.912023
насчёт,2.995732
насыщенный,3.218876
наталия,4.60517
наталья,3.506558
натан,4.60517
нативный,0.248461
наткнуться,3.912023
нато,3.912023
наточить,3.506558
натренированность,4.60517
натрий,4.60517
натуральный,3.506558
натыкаться,3.912023
наугад,3.912023
наука,1.832581
научить,2.040221
научиться,1.609438
научно,0.994252
научный,1.347074
научпоп,3.912023
наушник,3.912023
нафтогаз,4.60517
находить,1.660731
находиться,1.07881
находка,3.912023
нахождение,3.218876
нацвалюта,4.60517
нацгвардия,4.60517
нацеленность,4.60517
нацелить,3.912023
наценка,4.60517
национальный,2.120264
нация,4.60517
нацплан,4.60517
начаинаться,4.60517
началас,4.60517
начало,0.84397
начальник,2.813411
начальный,4.60517
начальство,4.60517
начать,0.478036
начаться,1.309333
начинать,0.597837
начинаться,1.272966
начинающий,1.714798
начинка,4.60517
начисление,4.60517
начислить,4.60517
начисляться,4.60517
начисто,4.60517
начёт,4.60517
наш,0.430783
нашуметь,3.218876
наём,1.89712
наёмный,3.912023
ндс,3.218876
ндфл,4.60517
неавторизованный,4.60517
неадаптивный,4.60517
неаккуратненький,3.506558
неактуальный,3.506558
неандерталец,4.60517
небезопасно,3.912023
небезопасный,4.60517
неблагоприятный,4.60517
небо,2.407946
небогато,4.60517
небольшой,0.916291
небоскрёб,4.60517
небрежно,4.60517
небывалый,4.60517
небытие,4.60517
нева,3.912023
неважно,3.506558
неважный,4.60517
неведомый,3.912023
невежество,4.60517
неверно,4.60517
неверный,2.525729
невероятно,3.506558
невероятный,3.506558
невесомость,4.60517
невесомый,4.60517
невзоров,4.60517
невиданный,3.506558
невидимый,3.912023
невозможно,1.832581
невозможность,3.218876
невозможный,2.995732
неврологический,4.60517
невский,4.60517
невыгодный,3.912023
невыносимый,4.60517
невыполнение,4.60517
невышедший,4.60517
невыясненный,4.60517
негатив,3.912023
негативно,3.218876
негативный,2.995732
негде,4.60517
негибкий,4.60517
негласный,4.60517
неглинный,4.60517
неглупый,3.912023
негодный,4.60517
негосударственный,3.506558
недавний,2.813411
недавно,0.916291
недалеко,3.912023
недалёкий,4.60517
недвижимость,2.813411
недвижимый,3.912023
недействительность,4.60517
недействительный,2.995732
неделя,0.867501
недифференцированный,4.60517
недобросовестный,3.506558
недоверенный,4.60517
недоверие,3.506558
недовольный,3.912023
недоговаривать,4.60517
недоделать,4.60517
недокументированный,4.60517
недолговечность,4.60517
недоосветить,2.65926
недооценивать,3.912023
недооценить,2.525729
недополученный,4.60517
недопонимание,3.912023
недопустимый,3.506558
недорого,2.995732
недорогой,3.218876
недоставать,4.60517
недостаток,2.65926
недостаточно,1.714798
недостоверный,3.912023
недоступность,4.60517
недоступный,2.407946
недосыпать,3.912023
недосягаемый,4.60517
недружественный,3.912023
недуг,4.60517
нежеголь,4.60517
нежелательный,3.912023
нежилой,4.60517
независимо,3.506558
независимость,4.60517
независимый,2.525729
независмо,4.60517
незадокументированный,4.60517
незадолго,4.60517
незаконно,4.60517
незаконный,2.995732
незамедлительно,3.912023
незаметно,2.995732
незаметный,4.60517
незарегулированный,4.60517
незачем,4.60517
незнакомец,4.60517
незнакомый,3.218876
незнание,4.60517
незначительно,4.60517
незначительный,4.60517
неизбежно,3.912023
неизбежный,3.506558
неизведанный,4.60517
неизвестно,4.60517
неизвестный,3.218876
неизменно,4.60517
неизменность,4.60517
неизменный,3.912023
неизменяемый,3.912023
неимущественный,4.60517
неинстаграмный,4.60517
неисключительный,3.912023
неисполнение,3.506558
неисправность,4.60517
неисправный,3.912023
нейминг,3.912023
нейро,4.60517
нейроаватар,4.60517
нейроагент,4.60517
нейробиолог,3.912023
нейроблок,4.60517
нейроимплант,3.218876
нейромедиатор,3.912023
нейромузыкант,4.60517
нейрон,2.995732
нейронка,3.506558
нейронки,3.218876
нейронный,3.912023
нейроответ,3.912023
нейрописатель,4.60517
нейропоиск,3.912023
нейрорежиссёр,4.60517
нейросенсорный,3.912023
нейросетевой,3.506558
нейросетка,4.60517
нейросеть,0.693147
нейрослоп,3.912023
нейрофилософия,4.60517
нейрохакер,4.60517
нейрохудожник,4.60517
нейрочип,4.60517
неквалифицированный,4.60517
некий,2.407946
некогда,3.912023
некоммерческий,2.995732
некомпетентность,3.912023
некомпетентный,3.912023
некомпонентность,4.60517
некомфортно,3.912023
неконтролируемый,4.60517
некорректно,4.60517
некорректный,4.60517
некоторый,0.579818
некритичный,4.60517
нелегко,4.60517
нелепый,4.60517
нелинейно,4.60517
неловкий,3.912023
неловко,4.60517
неловкость,4.60517
немало,3.912023
нематематик,4.60517
нематериальный,4.60517
немедленно,3.912023
немедленный,4.60517
неметаллический,4.60517
немецкий,3.218876
неминуемо,4.60517
немногие,4.60517
немногий,3.506558
немного,1.203973
немногочисленный,3.218876
немой,1.609438
ненавидеть,3.506558
ненависть,4.60517
ненадлежащий,3.912023
ненадёжный,3.912023
неназванный,3.506558
ненаправление,4.60517
ненецкий,3.506558
ненормальный,2.525729
ненормативный,4.60517
ненужный,3.506558
необоснованный,4.60517
необработанный,4.60517
необратимый,4.60517
необслуживаемый,4.60517
необходимо,1.89712
необходимость,1.309333
необходимый,1.469676
необъективность,4.60517
необъективный,3.912023
необъятный,4.60517
необычайно,4.60517
необычно,3.912023
необычный,2.407946
необязательно,3.912023
необязательность,4.60517
неограниченно,4.60517
неограниченный,2.995732
неоднозначно,4.60517
неоднозначный,3.218876
неоднократно,4.60517
неоднородность,4.60517
неоднородный,3.912023
неожиданно,2.813411
неожиданный,1.469676
неоновый,4.60517
неоправданный,4.60517
неопределённость,2.302585
неопределённый,2.813411
неопровержимый,4.60517
неопытный,4.60517
неосиление,4.60517
неосознанно,4.60517
неосторожность,4.60517
неоткуда,4.60517
неотличимый,4.60517
неотсортированный,4.60517
неотъемлемый,2.302585
неофициально,3.912023
неофициальный,4.60517
неоценимый,4.60517
неочевидный,3.912023
неплодотворный,4.60517
неплохо,2.207275
неплохой,2.407946
неповоротливый,4.60517
неповторимый,3.912023
неподалёку,4.60517
неподготовленность,4.60517
неподготовленный,3.912023
неполиткорректный,4.60517
неполноценность,4.60517
неполный,2.813411
непонимание,2.813411
непонятно,2.65926
непонятный,2.995732
непосильно,4.60517
непосильный,4.60517
непосредственно,2.120264
непосредственный,3.506558
неправда,3.912023
неправильно,2.995732
неправильный,2.525729
неправомерно,4.60517
неправомерный,3.506558
неправый,4.60517
непрактичный,3.506558
непредвзятый,4.60517
непредвиденный,4.60517
непредоставление,4.60517
непредсказуемость,4.60517
непредсказуемый,3.506558
непреодолимый,3.912023
непрерывно,3.218876
непрерывность,3.912023
непрерывный,3.506558
непривередливый,4.60517
непривычный,3.912023
неприличие,4.60517
неприменимый,4.60517
непристойный,4.60517
неприязнь,4.60517
неприятие,4.60517
неприятно,4.60517
неприятность,4.60517
неприятный,2.302585
непродолжительный,4.60517
непроизводственный,4.60517
непросто,2.813411
непростой,3.912023
непрофессионал,4.60517
непрофильный,4.60517
нера,4.60517
неработоспособность,3.912023
нерабочий,4.60517
неравенство,4.60517
неразбериха,3.912023
неразглашение,4.60517
неразумно,4.60517
нерациональный,4.60517
нерв,2.995732
нервно,4.60517
нервный,2.813411
нереалистичный,3.912023
нереально,4.60517
нереальный,3.912023
нерегулярно,4.60517
нередко,2.813411
нерекламный,3.912023
нерелевантный,4.60517
нерентабельный,4.60517
нерешённый,4.60517
неровно,4.60517
нерудный,4.60517
несанкционированный,2.995732
несбалансированный,4.60517
несбыточный,4.60517
несерьёзный,4.60517
несколько,0.430783
нескучный,3.912023
несложный,3.912023
несмотря,1.771957
несовершеннолетний,3.506558
несовместимый,3.506558
несогласие,4.60517
несоизмеримый,4.60517
несомненно,3.506558
несопоставимый,3.912023
несоразмерный,4.60517
несостоявшийся,4.60517
неспец,4.60517
неспециалист,3.506558
неспешно,4.60517
несправедливость,4.60517
несправедливый,3.912023
неспроста,4.60517
нестабильность,4.60517
нестабильный,3.218876
нестандартный,2.407946
нести,1.714798
несуществующий,4.60517
нетакизм,4.60517
нетбук,2.813411
нетворкинг,3.912023
нетоварный,4.60517
нетология,3.912023
неточность,3.912023
неточный,3.912023
нетривиальный,4.60517
нетто,3.912023
неттоп,4.60517
неубивать,4.60517
неуважение,4.60517
неуверенность,4.60517
неудачно,4.60517
неудачный,3.506558
неудивительный,4.60517
неудобно,2.995732
неудобный,3.506558
неужели,3.218876
неузнаваемость,4.60517
неуместный,3.506558
неуплаченный,4.60517
неуязвимый,4.60517
нефинансовый,4.60517
нефтегаз,3.506558
нефтегазодобывающий,4.60517
нефтедобывающий,4.60517
нефтепродукт,3.912023
нефтесервис,4.60517
нефть,2.207275
нефтянка,3.912023
нефтяной,3.912023
нефёдов,4.60517
нехарактерный,4.60517
нехватка,2.525729
нехитрый,4.60517
нецифровой,4.60517
нечасто,4.60517
нечего,2.995732
нечитаемый,4.60517
нечто,3.218876
неэксклюзивность,4.60517
неэксклюзивный,4.60517
неэтичный,4.60517
неэффективно,3.218876
неявка,3.912023
неявный,4.60517
неясно,4.60517
неясный,4.60517
ниагар,4.60517
нивелироваться,4.60517
нигде,3.912023
нидерланды,3.912023
ниже,1.309333
нижегородский,3.912023
нижеследующий,4.60517
нижний,2.65926
низкий,2.040221
низкокачественный,4.60517
низкоконтрастный,4.60517
нии,4.60517
ник,4.60517
никак,2.813411
никакой,1.171183
никарагуа,2.302585
никель,4.60517
никита,3.506558
никифоровка,4.60517
николай,3.912023
никотиносодержащий,4.60517
никсовод,4.60517
никто,0.891598
никуда,2.995732
нил,4.60517
нильсена,4.60517
ниндзя,4.60517
ниоткуда,4.60517
нипк,4.60517
нисколько,4.60517
нить,3.912023
ниу,3.218876
нифига,4.60517
ничто,2.65926
ничтожно,4.60517
ниша,2.040221
нишевый,2.120264
нищебродство,2.995732
нк,3.506558
нко,4.60517
нкр,3.912023
нлмк,4.60517
нобелевский,3.506558
нобель,4.60517
нобиль,4.60517
новард,4.60517
новатор,4.60517
новатэк,3.912023
новация,4.60517
новгородский,4.60517
новелла,3.912023
новенький,4.60517
новизна,4.60517
новинка,2.302585
новичок,1.771957
нововведение,2.207275
новогодний,2.995732
новодело,4.60517
новорождённый,4.60517
новосибирский,4.60517
новостной,2.407946
новостройка,4.60517
новость,0.061875
новосёлов,3.912023
новый,0.094311
нога,2.525729
нода,4.60517
нож,4.60517
ножка,4.60517
ной,4.60517
нойтэк,4.60517
ноль,2.302585
номер,2.120264
номерной,4.60517
номинал,4.60517
номинально,4.60517
номинальный,3.506558
номинация,4.60517
нора,3.912023
норвегия,3.912023
норильский,4.60517
норма,1.714798
нормализация,3.912023
нормализовать,4.60517
нормализоваться,4.60517
нормально,2.040221
нормальность,4.60517
нормальный,2.120264
норматив,4.60517
нормативка,4.60517
нормативный,2.65926
нос,3.506558
носитель,2.813411
носить,3.218876
носка,4.60517
ностальгический,4.60517
нота,4.60517
нотариально,4.60517
нотация,4.60517
нотим,4.60517
нотификатор,4.60517
нотификация,3.506558
ноут,3.912023
ноутбук,1.660731
ночной,4.60517
ночь,2.525729
ночью,2.995732
ноябрь,2.207275
нпд,4.60517
нпз,4.60517
нпк,4.60517
нпф,3.506558
нравиться,1.108663
нравственность,4.60517
нубес,4.60517
нужда,2.995732
нуждаться,3.912023
нужно,0.400478
нужный,0.430783
нук,3.506558
нулевой,2.813411
нуль,1.309333
нутрициолог,4.60517
нутрициология,4.60517
нф,3.912023
нцпо,4.60517
ныне,3.912023
нынешний,2.407946
нырять,4.60517
нью,3.912023
ньюпорт,4.60517
ньютон,4.60517
нэтом,4.60517
нюанс,1.966113
нюхать,4.60517
няня,4.60517
о,2.65926
оак,4.60517
оаэ,2.207275
оба,1.309333
обанкротиться,3.912023
обваливаться,4.60517
обвалиться,3.912023
обвально,4.60517
обвести,4.60517
обвинение,3.912023
обвинительница,4.60517
обвинить,2.302585
обвиняться,4.60517
обводный,4.60517
обвязать,3.506558
обвязка,4.60517
обгонять,4.60517
обделить,4.60517
обдирание,4.60517
обед,2.995732
обедать,4.60517
обезводить,4.60517
обезвредить,4.60517
обезличивание,3.506558
обезличить,4.60517
обезьяна,3.912023
обезьяний,4.60517
обернуть,4.60517
обеспечение,1.272966
обеспечивать,1.609438
обеспечиваться,3.506558
обеспечительный,4.60517
обеспечить,2.040221
обесценивание,4.60517
обещание,1.714798
обещать,1.609438
обжа,4.60517
обжаловать,3.912023
обжаривать,4.60517
обжечь,3.912023
обжечься,3.912023
обзавестись,3.912023
обзор,0.544727
обзорный,3.506558
обида,4.60517
обидеться,4.60517
обидно,3.506558
обидный,4.60517
обитаемый,4.60517
обитание,4.60517
обитатель,4.60517
обитать,4.60517
обить,4.60517
обкатать,4.60517
обкатывать,4.60517
обкладывать,3.912023
облагаться,3.506558
обладать,3.218876
облажаться,4.60517
облако,1.771957
область,0.967584
облачность,4.60517
облачный,1.714798
облегчать,4.60517
облегчить,2.407946
облигационный,4.60517
облигация,3.506558
облик,3.912023
обложение,3.912023
обложить,3.912023
обломок,4.60517
обман,3.506558
обмануть,3.506558
обманчивый,4.60517
обманывать,3.506558
обмен,1.832581
обмениваться,4.60517
обменяться,4.60517
обмоточный,4.60517
обнажать,4.60517
обнародование,4.60517
обнародовать,4.60517
обнаружение,2.813411
обнаруживать,2.995732
обнаружимость,4.60517
обнаружить,1.771957
обнаружиться,4.60517
обнимать,4.60517
обнищание,4.60517
обновить,0.248461
обновиться,3.912023
обновление,1.514128
обновлять,2.302585
обновляться,2.207275
обнулить,4.60517
обнуляться,4.60517
обобщать,3.218876
обобщённый,4.60517
обогатить,4.60517
обогащать,3.912023
обогащаться,4.60517
обогащение,3.506558
обогнать,3.506558
обозначать,4.60517
обозначение,4.60517
обозначить,3.506558
обозримый,4.60517
обои,4.60517
обойти,2.120264
обойтись,2.995732
оболочка,4.60517
оборона,2.040221
оборонка,4.60517
оборонный,2.995732
обороноспособность,4.60517
оборот,1.832581
оборотный,4.60517
оборудование,1.108663
оборудовать,4.60517
обоснование,3.912023
обоснованный,3.912023
обосновать,3.912023
обрабатывать,1.609438
обрабатываться,2.995732
обработать,3.218876
обработка,1.049822
обработчик,3.506558
образ,0.967584
образец,2.995732
образование,1.832581
образовательный,0.210721
образовать,3.506558
образоваться,3.506558
образцовый,3.912023
обратить,2.302585
обратиться,2.040221
обратно,2.207275
обратный,1.514128
обращать,3.912023
обращаться,1.832581
обращение,2.120264
обрезать,4.60517
обрести,4.60517
обретать,3.912023
обретение,3.912023
обрушиваться,3.912023
обрушить,3.506558
обрушиться,4.60517
обрыв,3.912023
обскура,4.60517
обслуживание,2.207275
обслуживаниий,4.60517
обслуживать,2.302585
обслуживаться,4.60517
обслуживающий,2.995732
обстановка,3.912023
обстоятельство,2.525729
обстоять,4.60517
обсудить,2.302585
обсуждать,1.560648
обсуждаться,2.995732
обсуждение,1.966113
обтекатель,4.60517
обувной,4.60517
обувь,3.506558
обуздать,4.60517
обусловить,3.506558
обустраивать,4.60517
обучать,2.65926
обучаться,2.995732
обучение,0.562119
обученный,3.912023
обучить,2.525729
обучиться,4.60517
обход,2.525729
обходиться,2.995732
обходный,3.218876
обшивка,4.60517
обширный,3.506558
общаться,2.302585
общедомовый,3.912023
общедоступный,2.995732
общение,2.207275
общепит,4.60517
общероссийский,3.912023
общественно,3.912023
общественный,2.407946
общество,1.386294
общий,0.755023
община,4.60517
объединение,2.995732
объединить,2.207275
объединять,1.89712
объединяться,3.506558
объект,1.139434
объективно,4.60517
объективность,3.506558
объективный,2.995732
объектный,4.60517
объявить,1.427116
объявление,2.302585
объявлять,2.525729
объяснение,1.771957
объяснительный,4.60517
объяснить,1.108663
объяснять,1.469676
объясняться,2.995732
объять,4.60517
объём,1.171183
объёмный,3.506558
обыватель,4.60517
обывательство,4.60517
обыграть,2.302585
обыденность,3.506558
обыденный,3.912023
обыск,4.60517
обычай,3.912023
обычно,0.867501
обычный,0.916291
обязанность,2.525729
обязательно,1.966113
обязательность,2.813411
обязательный,1.386294
обязательство,2.525729
обязать,2.040221
обязывать,3.506558
обязываться,3.218876
обёртка,3.218876
обёртываться,4.60517
ов,3.912023
овердрафт,4.60517
оверинженеринг,4.60517
оверсложнить,3.912023
оверхед,3.912023
овечкин,4.60517
овижн,4.60517
овл,4.60517
овладение,3.912023
овчинка,4.60517
огласить,3.912023
оглушительно,4.60517
оглушить,4.60517
оглянуться,3.506558
ого,4.60517
оговариваться,4.60517
оговориться,3.506558
оговорка,2.995732
огонь,3.218876
огораживать,4.60517
огород,3.912023
огородить,4.60517
огорчать,4.60517
ограбить,2.302585
ограничение,0.916291
ограниченность,4.60517
ограниченный,1.386294
ограничивать,2.813411
ограничиваться,2.407946
ограничительный,3.912023
ограничить,1.560648
ограничиться,4.60517
огранка,4.60517
огрн,3.218876
огрнип,4.60517
огромный,0.941609
огурец,4.60517
одежда,2.995732
одержимый,4.60517
одеяло,4.60517
оди,4.60517
один,0.061875
одинаково,2.407946
одинаковый,1.832581
одиннадцатый,4.60517
одиннадцать,3.912023
одинокий,3.218876
одиночка,3.912023
одиночный,3.506558
одинцовский,4.60517
одиозный,4.60517
одиссей,4.60517
одк,4.60517
однажды,2.120264
однако,0.867501
одновременно,1.021651
одновременный,3.912023
однозначно,2.120264
однозначный,3.506558
одноимённый,3.506558
одноклассник,4.60517
одноклеточный,4.60517
однопартиец,4.60517
однопоточный,4.60517
одноразовый,3.506558
однородный,3.912023
однослойный,4.60517
односторонний,3.506558
однотипный,2.813411
однофакторный,4.60517
однушко,4.60517
одобрение,3.912023
одобрительный,4.60517
одобрить,3.912023
одобрять,3.912023
ожесточённый,3.506558
оживать,4.60517
оживить,4.60517
оживление,4.60517
оживлять,4.60517
ожидание,1.714798
ожидать,1.832581
ожидаться,3.506558
ожирение,4.60517
ожить,4.60517
озвучивать,3.912023
озвучить,3.912023
озвучка,3.912023
озеро,4.60517
ознакомительный,3.912023
ознакомиться,2.407946
ознакомление,2.995732
означать,1.427116
озон,3.506558
озорство,4.60517
ои,2.302585
ойл,4.60517
оказание,3.506558
оказать,3.218876
оказаться,0.820981
оказывать,2.525729
оказываться,1.89712
окапываться,4.60517
оквэда,4.60517
океан,4.60517
океанский,4.60517
окей,3.912023
оккультизм,4.60517
оклад,4.60517
окно,1.771957
око,4.60517
около,1.386294
окололунный,4.60517
оконный,4.60517
окончание,3.506558
окончательно,2.302585
окончательный,3.506558
окончить,4.60517
окоп,4.60517
окопаться,4.60517
окр,4.60517
окрасить,4.60517
окраска,4.60517
окрестность,4.60517
округ,2.302585
округление,4.60517
окружающий,2.995732
окружение,2.525729
оксфордский,4.60517
окт,3.506558
октябрь,1.660731
окунуться,3.912023
окупаемость,3.912023
окупать,4.60517
окупаться,4.60517
окупиться,3.912023
олд,3.912023
олдскульный,4.60517
олег,2.813411
оливариус,4.60517
оливье,4.60517
олимпиада,3.912023
олимпиадник,4.60517
олимпийский,2.302585
ольга,2.65926
ом,3.506558
омар,4.60517
омаровод,4.60517
омк,4.60517
омнибус,3.912023
омниканальный,4.60517
омограф,4.60517
омолаживать,4.60517
омс,4.60517
омский,4.60517
омуль,4.60517
он,1.237874
она,1.309333
онбординг,3.218876
онбордить,4.60517
они,1.171183
онкочекап,4.60517
онлайн,0.916291
онлант,4.60517
оно,1.272966
онтико,3.218876
онтология,4.60517
оон,3.912023
ооо,2.813411
оп,4.60517
опаздывать,4.60517
опасаться,3.506558
опасение,4.60517
опасно,3.506558
опасность,2.995732
опасный,2.407946
опд,4.60517
опена,4.60517
опенай,4.60517
опенсорсный,4.60517
оперативка,4.60517
оперативно,4.60517
оперативный,1.514128
оператор,1.386294
операционка,3.912023
операционный,1.309333
операция,1.171183
опережать,3.912023
опережение,3.506558
оперировать,3.506558
опечатка,4.60517
опиловка,4.60517
опираться,2.040221
описание,1.89712
описать,2.040221
описывать,1.89712
описываться,3.912023
опк,4.60517
оплата,1.966113
оплатить,3.912023
оплачивать,3.218876
оплачиваться,4.60517
оповещение,4.60517
опознавать,4.60517
опознать,4.60517
опомниться,4.60517
опора,4.60517
опосредование,4.60517
опосредовать,4.60517
оппенгеймер,3.912023
оппонент,3.912023
оправдание,4.60517
оправданный,4.60517
оправдать,2.407946
определение,1.771957
определимый,3.912023
определить,1.609438
определиться,3.506558
определять,1.309333
определяться,2.525729
определённо,4.60517
определённый,1.272966
опресть,4.60517
опровергать,3.506558
опровергнуть,3.506558
опрос,2.407946
опросить,4.60517
опс,4.60517
опт,4.60517
оптик,3.912023
оптика,4.60517
оптимальный,2.302585
оптимизационный,4.60517
оптимизация,1.272966
оптимизировать,1.89712
оптимист,3.912023
оптимистический,4.60517
оптимистично,4.60517
оптимистичный,3.912023
оптически,4.60517
оптический,2.407946
оптоволокно,4.60517
оптовый,3.912023
оптогенетик,4.60517
опубликование,4.60517
опубликовать,1.139434
опус,3.218876
опциональность,4.60517
опциональный,4.60517
опция,2.407946
опыт,0.673345
опытный,2.407946
орбита,3.912023
орбитальный,3.506558
орбить,4.60517
орган,1.966113
организатор,2.995732
организационно,4.60517
организационный,2.65926
организация,1.203973
организм,3.506558
организовать,1.771957
организоваться,3.912023
организовывать,4.60517
органический,4.60517
органично,4.60517
органичный,4.60517
оренбургский,4.60517
орех,4.60517
оригинал,2.207275
оригинальный,2.407946
ориентация,3.912023
ориентир,2.813411
ориентировать,2.120264
ориентироваться,2.207275
оркестратор,2.995732
оркестрация,2.525729
оркестрировать,4.60517
орлан,4.60517
орловский,4.60517
оружие,1.771957
орфография,4.60517
ос,2.302585
осборн,4.60517
осваивать,4.60517
освежить,2.995732
осветительный,4.60517
освещать,4.60517
освещаться,4.60517
освещение,2.813411
освободитель,4.60517
освободить,3.506558
освобождать,3.912023
освобождаться,3.912023
освобождение,3.912023
освоение,2.995732
освоить,2.813411
освоятель,4.60517
осенить,4.60517
осенний,3.912023
осень,2.813411
осетия,4.60517
осилить,4.60517
осинтер,4.60517
осколок,4.60517
осколочный,3.912023
оскорбиться,4.60517
оскорбление,4.60517
оскорблять,4.60517
оскорбляться,4.60517
ослабить,4.60517
ослабление,3.912023
ослаблять,4.60517
осложняться,4.60517
осмотр,4.60517
осмотрительно,4.60517
осмотрительность,4.60517
осмысление,4.60517
осмысленность,4.60517
осмыслить,3.912023
осмыслять,4.60517
оснастить,4.60517
оснастка,4.60517
оснащаться,4.60517
оснащение,4.60517
основа,0.597837
основание,1.171183
основатель,2.525729
основательница,4.60517
основательный,4.60517
основать,1.560648
основное,2.120264
основной,1.309333
основный,1.203973
основывать,2.65926
основываться,2.995732
особенно,0.84397
особенность,1.514128
особенный,3.912023
особняк,3.506558
особняком,3.912023
особо,2.525729
особый,1.832581
особь,4.60517
осовободить,4.60517
осознавать,3.506558
осознанно,2.995732
осознанность,3.912023
осознанный,4.60517
осознать,2.407946
оспаривать,3.912023
оспариваться,4.60517
оставаться,0.967584
оставить,1.714798
оставление,3.912023
оставлять,2.040221
остальной,1.049822
останавливать,3.506558
останавливаться,3.506558
останин,2.302585
остановить,2.040221
остановиться,2.207275
остановка,3.912023
остаток,2.65926
остаться,0.941609
остек,4.60517
остекление,3.506558
осторожно,4.60517
осторожный,2.995732
остров,3.912023
островок,3.506558
остроумный,4.60517
острый,3.912023
остыть,4.60517
осудить,4.60517
осуществить,3.218876
осуществление,3.218876
осуществлять,2.207275
осуществляться,2.813411
ось,4.60517
осязаемый,4.60517
отапливать,4.60517
отбавлять,4.60517
отбирать,3.218876
отбой,4.60517
отбор,3.912023
отбрасывание,4.60517
отбросить,3.218876
отбытие,4.60517
отбыть,4.60517
отваливаться,4.60517
отвергать,4.60517
отвергнуть,2.65926
отверждение,4.60517
отвержение,4.60517
отверстие,3.506558
отвественность,4.60517
отвести,4.60517
ответ,0.84397
ответить,1.427116
ответственность,1.309333
ответственный,2.525729
отвечать,0.994252
отвлекать,3.912023
отвлекаться,3.506558
отвлечение,3.912023
отвращение,4.60517
отговаривать,3.506558
отгрести,4.60517
отдавать,2.407946
отдалить,4.60517
отдаль,4.60517
отдать,2.525729
отдача,3.912023
отдел,1.660731
отделить,2.995732
отдельно,1.89712
отдельность,3.912023
отдельный,0.579818
отделять,4.60517
отдых,2.65926
отдыхать,3.506558
отель,3.218876
отец,2.813411
отечественный,2.302585
отзыв,2.407946
отзывный,4.60517
отзывчивый,3.912023
отит,3.912023
отказ,1.660731
отказать,3.912023
отказаться,1.609438
отказоустойчивость,3.218876
отказоустойчивый,3.912023
отказываться,2.995732
откат,3.912023
откатить,4.60517
откатываться,2.65926
откачать,4.60517
откидача,4.60517
откидываться,4.60517
откладывать,4.60517
откладываться,3.912023
отклик,2.813411
откликаться,2.813411
отклонение,4.60517
отклониться,4.60517
отклонять,4.60517
отключение,3.218876
отключить,2.65926
отключиться,4.60517
откомментить,4.60517
открепить,4.60517
откреплять,4.60517
откровенный,2.995732
открывание,4.60517
открывать,1.139434
открываться,3.218876
открытие,1.427116
открыто,2.813411
открытость,4.60517
открытый,1.049822
открыть,0.400478
открыться,2.813411
откуда,1.89712
отлавливать,4.60517
отладить,2.995732
отладка,2.65926
отладочный,3.912023
отлаживать,3.218876
отличать,3.218876
отличаться,1.771957
отличие,1.714798
отлично,2.207275
отличный,1.514128
отложить,2.407946
отлучаться,4.60517
отмазка,4.60517
отмахиваться,3.912023
отмена,3.506558
отменить,4.60517
отмениться,4.60517
отменять,3.506558
отметить,1.660731
отметка,3.912023
отмечать,3.218876
отмечаться,4.60517
отмирать,4.60517
отмывать,4.60517
отнесение,4.60517
отнести,4.60517
отнестись,4.60517
отнимать,3.912023
относительно,1.89712
относительный,4.60517
относить,2.995732
относиться,1.832581
отношение,1.171183
отныне,4.60517
отнюдь,4.60517
отнять,3.912023
отображать,3.506558
отображаться,4.60517
отображение,2.813411
отобрать,3.912023
отовсюду,4.60517
отозвать,3.218876
отопление,3.912023
оторвать,4.60517
оторваться,4.60517
отп,4.60517
отпечаток,4.60517
отписаться,4.60517
отполировать,2.995732
отпор,2.65926
отправитель,4.60517
отправить,0.994252
отправиться,3.912023
отправка,1.660731
отправление,3.912023
отправлять,2.525729
отправляться,3.218876
отправной,3.912023
отпугивать,3.506558
отпуск,2.407946
отпускать,2.995732
отрабатывать,4.60517
отработать,4.60517
отработка,4.60517
отравлять,4.60517
отражать,2.65926
отражаться,4.60517
отражение,2.525729
отражённый,4.60517
отразить,3.218876
отраслевой,4.60517
отрасль,1.609438
отредактировать,3.506558
отрезать,3.912023
отрезок,3.912023
отремонтировать,4.60517
отрендерить,3.912023
отреставрировать,4.60517
отрисовываться,4.60517
отрицание,4.60517
отрицательно,3.912023
отрицательный,3.912023
отрицать,3.506558
отрпавля,4.60517
отрубить,4.60517
отрыв,3.912023
отрываться,4.60517
отряд,3.912023
отсек,3.912023
отсечение,4.60517
отсечь,4.60517
отследить,3.912023
отслеживание,3.506558
отслеживать,2.302585
отсмотреть,3.912023
отсортировать,3.912023
отсрочка,3.912023
отставание,2.302585
отставать,3.506558
отставка,3.912023
отстать,3.506558
отстой,4.60517
отстранить,4.60517
отступ,4.60517
отступать,4.60517
отступление,4.60517
отсутствие,1.272966
отсутствовать,2.525729
отсчёт,3.912023
отсюда,2.995732
отталкивать,4.60517
отталкиваться,4.60517
оттенок,4.60517
отток,3.912023
оттолкнуться,4.60517
отторжение,4.60517
отточить,4.60517
оттуда,3.218876
отупение,4.60517
отформатировать,4.60517
отхватить,4.60517
отход,3.912023
отходить,4.60517
отчаянно,4.60517
отчество,3.506558
отчий,4.60517
отчисление,3.912023
отчитать,4.60517
отчитаться,3.506558
отчитываться,3.912023
отчёт,1.139434
отчётность,2.65926
отчётный,4.60517
отъедать,4.60517
отыграться,4.60517
оук,3.912023
оферта,3.912023
офигевалить,4.60517
офис,1.560648
офисный,2.407946
офицальный,3.218876
офицер,3.912023
офицерский,4.60517
официально,3.912023
официальный,1.771957
офлайн,2.407946
оформить,2.813411
оформление,1.966113
оформлять,2.995732
оформляться,4.60517
офрмление,4.60517
офф,2.302585
оффера,4.60517
офшор,4.60517
офшорный,4.60517
ох,3.912023
охват,0.261365
охватить,4.60517
охватывать,4.60517
охк,4.60517
охлаждаться,4.60517
охлаждение,2.65926
охота,2.813411
охотиться,4.60517
охотный,4.60517
охрана,2.525729
охранник,4.60517
охранный,4.60517
охранять,3.506558
охраняться,3.912023
охт,4.60517
оценивать,2.207275
оцениваться,3.218876
оценить,1.560648
оценка,0.916291
оцифрованный,4.60517
оцифровать,4.60517
оцо,4.60517
очаровательный,4.60517
очевидец,4.60517
очевидность,3.506558
очевидный,1.427116
очень,0.597837
очередной,1.07881
очередь,1.237874
очистить,4.60517
очистка,2.65926
очки,3.506558
очко,3.218876
ошибаться,2.207275
ошибиться,2.995732
ошибка,0.776529
ошибочно,4.60517
ошибочный,3.506558
оштрафовать,4.60517
ощутимо,4.60517
ощутимый,4.60517
ощущать,4.60517
ощущаться,2.525729
ощущение,1.771957
оэз,4.60517
п,2.040221
паблик,4.60517
паблишинг,3.912023
павел,3.218876
павлович,4.60517
павля,4.60517
пагинация,4.60517
падать,2.040221
падеж,4.60517
падение,2.525729
пайплайн,3.912023
пайплайна,1.771957
пакет,1.514128
пакистан,4.60517
палагина,4.60517
паладин,4.60517
палата,4.60517
палатка,3.912023
палец,3.218876
палитра,4.60517
палка,4.60517
палма,4.60517
пальчик,3.506558
пальшин,4.60517
памперс,4.60517
памятка,3.912023
памятный,4.60517
память,1.171183
панамка,4.60517
панарин,4.60517
панацея,3.218876
пандемия,4.60517
панель,2.207275
панелька,4.60517
панельный,3.912023
паника,4.60517
паниковать,4.60517
паникёр,3.912023
панический,4.60517
панорамный,3.912023
пао,3.912023
папа,4.60517
папка,2.813411
папочка,4.60517
пара,0.994252
параграф,3.912023
парадигма,2.65926
парадное,4.60517
парадокс,3.218876
парадоксальный,4.60517
паразит,4.60517
парализовать,4.60517
паралич,4.60517
параллелепипед,4.60517
параллелизм,4.60517
параллель,4.60517
параллельно,1.966113
параллельный,3.218876
параметр,1.427116
параметризация,4.60517
параходство,4.60517
парень,3.506558
парето,4.60517
пари,3.912023
париж,4.60517
парикмахер,4.60517
парировать,4.60517
паритетный,4.60517
парить,4.60517
париться,4.60517
парк,3.218876
парка,3.218876
паркинсон,4.60517
парковка,3.912023
парламент,3.912023
паровоз,4.60517
пароль,2.525729
парольный,4.60517
паром,4.60517
парсер,3.506558
парсинга,4.60517
парта,4.60517
партия,4.60517
партнёр,1.560648
партнёрский,3.912023
партнёрство,2.525729
парус,4.60517
парусник,4.60517
парусный,4.60517
паскаль,4.60517
пасовать,4.60517
паспорт,3.912023
паспортный,3.218876
пассажир,2.995732
пассажировместимость,4.60517
пассажиропоток,4.60517
пассажирский,3.218876
пассивно,4.60517
пассивный,2.302585
паста,4.60517
пасть,3.218876
патель,4.60517
патент,2.813411
патентный,4.60517
патентование,3.506558
патриот,4.60517
патриотизм,4.60517
патриотический,4.60517
паттерн,2.207275
патч,3.912023
пауза,3.506558
паустовский,4.60517
пафосный,3.912023
пахнуть,3.218876
пациент,3.912023
пачка,3.912023
паять,4.60517
пвз,3.912023
пво,3.506558
пвх,4.60517
пгк,3.912023
пгт,4.60517
пд,4.60517
пдн,4.60517
пдс,4.60517
пдф,4.60517
педагог,3.912023
педагогика,4.60517
педофил,4.60517
педофильский,4.60517
пейдж,3.506558
пейзажный,4.60517
пейнт,3.506558
пенальти,2.302585
пенетрон,4.60517
пензенский,4.60517
пенопласт,4.60517
пенсильвания,4.60517
пенсионер,3.912023
пенсионный,2.995732
пенсия,3.506558
пентагон,3.506558
пентест,3.506558
пенька,3.912023
пеня,3.912023
первичный,3.218876
первоисточник,3.912023
первоначальный,3.506558
первопроходец,3.912023
первый,0.18633
переадресация,3.912023
перебирать,4.60517
перебой,4.60517
перебор,3.506558
перебрасывать,4.60517
перебрать,3.912023
перебраться,4.60517
перевал,4.60517
переваливать,4.60517
перевалить,3.912023
переваривание,4.60517
переваривать,4.60517
переварить,4.60517
перевернуть,3.912023
перевести,2.207275
перевод,0.71335
переводить,2.120264
переводиться,3.912023
переводный,3.912023
переводческий,4.60517
переводчик,2.813411
перевозить,3.912023
перевозка,4.60517
переворачивать,2.525729
переговорный,3.912023
переговорщик,4.60517
переговоры,2.207275
перегрев,4.60517
перегруз,3.912023
перегрузить,3.218876
перегрузка,3.912023
перегруппировывать,4.60517
передаваемый,3.506558
передавать,2.120264
передаваться,3.506558
передать,2.407946
передача,1.89712
передвигаться,4.60517
передвижение,2.995732
передвижной,4.60517
переделать,3.912023
переделка,3.912023
переделывать,4.60517
передний,4.60517
передовой,2.525729
передышка,4.60517
переедание,4.60517
переезд,4.60517
переезжать,3.912023
переехать,2.813411
переживание,3.912023
переживать,2.65926
пережиток,4.60517
пережить,3.912023
перезагрузка,2.995732
перезаписать,4.60517
перезапуск,2.995732
перезапускаться,4.60517
перезапустить,3.506558
переизбыток,4.60517
переиздание,4.60517
переименовать,4.60517
переименовывать,3.912023
переиспользовать,4.60517
перейти,0.916291
перекинуть,4.60517
перекинуться,4.60517
перекладывание,4.60517
переключатель,3.506558
переключать,3.506558
переключаться,2.65926
переключение,2.525729
переключить,4.60517
переключиться,3.506558
перекомпиляция,4.60517
перекомпоновывать,4.60517
переконвертировать,4.60517
перекос,4.60517
перекочевать,4.60517
перекрасить,4.60517
перекредитоваться,4.60517
перекроить,4.60517
перекрытие,4.60517
перекрыть,4.60517
перекрёстный,4.60517
перекрёсток,3.912023
переложить,4.60517
перелом,3.912023
переломный,4.60517
перелёт,3.912023
перемалывать,4.60517
переманивать,3.912023
переманить,4.60517
перемена,4.60517
переменный,2.813411
перемещаться,3.218876
перемещение,3.912023
перемотка,4.60517
перенаправить,3.912023
перенаселение,4.60517
перенастройка,3.912023
перенести,3.912023
перенос,2.65926
переносимость,4.60517
переносить,2.813411
переноситься,2.995732
перенять,3.912023
переобучаться,4.60517
переобучение,4.60517
переобученность,4.60517
переодеться,4.60517
переориентировать,4.60517
переосмыслить,4.60517
переосмыслять,4.60517
переоформить,4.60517
переоценивать,4.60517
переоценка,4.60517
переписать,2.207275
переписка,2.995732
переписывание,3.912023
переписывать,2.995732
переплата,2.995732
переплачивать,3.912023
переплюнуть,4.60517
переподготовка,3.912023
переполнение,4.60517
переполнить,4.60517
переполниться,4.60517
перепробовать,3.912023
перепроверка,3.912023
перепродавать,4.60517
перепродажа,4.60517
перепроизводство,4.60517
перепрошивка,4.60517
перепутать,3.912023
перерабатывать,4.60517
переработать,3.506558
переработка,3.506558
перераспределение,3.218876
перераспределять,4.60517
перерастать,4.60517
перерасход,4.60517
перерисовать,4.60517
перерыв,3.506558
пересадить,3.912023
пересадка,4.60517
пересаживаться,4.60517
пересборка,4.60517
пересекаться,4.60517
переселенец,3.912023
переселение,3.218876
пересесть,4.60517
пересечение,2.995732
пересечь,4.60517
пересжатый,4.60517
пересказ,3.506558
пересказать,4.60517
пересказывать,3.912023
перескочить,3.218876
переслать,2.407946
пересматривать,4.60517
пересмотр,2.525729
пересмотреть,4.60517
пересобирать,4.60517
пересобрать,2.813411
пересохраняться,4.60517
переспрашивать,4.60517
переставать,2.040221
перестать,0.867501
перестраивать,3.912023
перестрахование,4.60517
перестраховаться,4.60517
перестроение,4.60517
перестроиться,4.60517
перестройка,3.506558
пересчитывать,4.60517
пересылка,4.60517
перетаскивать,3.912023
перетянуть,4.60517
переуступить,4.60517
переучиваться,4.60517
переформулировать,4.60517
перехват,3.912023
перехватить,3.912023
перехватчик,4.60517
перехватывать,3.506558
переход,1.560648
переходить,1.89712
переходник,4.60517
переходный,2.65926
перечень,2.65926
перечисление,3.912023
перечисленный,3.506558
перечислить,3.912023
перечитать,4.60517
перешеек,4.60517
периметр,3.218876
период,1.237874
периодически,2.407946
периодический,2.995732
периодичность,4.60517
периферия,3.912023
перманентно,4.60517
перманентный,4.60517
пермский,3.912023
персона,3.912023
персонаж,3.218876
персонал,1.272966
персонализация,4.60517
персонализировать,3.912023
персоналка,4.60517
персональный,1.714798
персонифицировать,4.60517
перспектива,2.302585
перспективный,3.506558
перфекционизм,4.60517
перфолента,4.60517
песня,4.60517
песок,2.995732
песочница,0.261365
пессимизм,4.60517
пессимистический,4.60517
пессимистичный,4.60517
пестрить,3.218876
песчаный,4.60517
петербург,1.609438
петербургский,3.506558
петербуржец,4.60517
петлить,4.60517
петля,4.60517
петрович,4.60517
петроградка,4.60517
петь,2.995732
печалить,4.60517
печально,4.60517
печальный,2.302585
печатать,3.506558
печатный,3.912023
печать,4.60517
печенька,4.60517
печь,3.912023
печься,4.60517
пешеход,4.60517
пешком,3.912023
пзи,2.65926
пигмент,4.60517
пик,2.207275
пикаба,4.60517
пиковый,4.60517
пиксель,3.218876
пилинг,4.60517
пилот,3.218876
пилотировать,4.60517
пилотный,4.60517
пилюля,4.60517
пингвин,3.912023
пингера,4.60517
пинговать,4.60517
пионер,3.912023
пирамида,3.912023
пират,4.60517
пиратить,4.60517
пиратство,4.60517
пирог,4.60517
пирсон,4.60517
пиршество,4.60517
писатель,2.525729
писательский,3.506558
писательство,3.912023
писать,0.462035
писаться,3.218876
пистолет,4.60517
письменный,3.218876
письмо,2.120264
пит,4.60517
питание,2.302585
питать,2.995732
питер,3.218876
питерский,4.60517
питомец,4.60517
питон,3.912023
питтсбургский,4.60517
пить,3.506558
пицца,4.60517
пища,3.912023
пищевой,2.813411
пк,1.966113
пко,4.60517
плав,4.60517
плавать,3.506558
плавающий,3.912023
плавильный,4.60517
плавно,3.506558
плавный,4.60517
плагин,2.207275
плакать,4.60517
план,1.07881
планер,3.912023
планета,2.65926
планетология,4.60517
планинга,4.60517
планирование,2.120264
планировать,1.427116
планироваться,2.525729
планировка,3.912023
планировщик,3.506558
планк,3.912023
планка,3.218876
плановый,3.506558
планшет,2.207275
планёрка,4.60517
пласт,4.60517
пластик,4.60517
пластика,4.60517
пластиковый,4.60517
пластина,3.912023
пластический,4.60517
пластмассовый,4.60517
пластырь,4.60517
плат,4.60517
плата,2.040221
плательщик,4.60517
платинум,4.60517
платить,1.469676
платиться,4.60517
платно,4.60517
платный,2.65926
плато,4.60517
платформа,0.867501
платформенный,4.60517
платёж,2.302585
платёжеспособность,4.60517
платёжка,4.60517
платёжный,2.525729
плацдарм,3.506558
плач,4.60517
плачущий,4.60517
плевать,3.912023
плевел,3.912023
плей,2.302585
племенной,4.60517
пленум,4.60517
плетение,4.60517
плечо,2.65926
плеяда,4.60517
плз,4.60517
плис,4.60517
плод,3.506558
плодить,4.60517
плодиться,4.60517
плодовый,4.60517
плодородный,4.60517
плоский,2.995732
плоскость,3.218876
плотник,4.60517
плотно,3.506558
плотность,3.506558
плотный,2.995732
плохо,2.65926
плохой,1.07881
площадка,2.302585
площадной,4.60517
площадь,3.912023
плыть,3.506558
плюс,1.560648
плюсан,4.60517
плюсануть,4.60517
плюсовать,4.60517
плюшка,4.60517
пляж,2.525729
пляска,4.60517
плёнка,3.506558
пмп,4.60517
победа,3.218876
победитель,2.813411
победить,2.302585
побежать,2.995732
побежданий,4.60517
побеждать,3.506558
поблагодарить,4.60517
поблизости,4.60517
побочный,3.912023
побудить,4.60517
побуждать,4.60517
побывать,4.60517
повадка,4.60517
повальный,4.60517
повар,3.506558
поваренный,4.60517
поведать,2.813411
поведение,1.203973
поведенческий,3.912023
повезти,3.506558
повергнуть,4.60517
поверить,2.525729
повернуть,4.60517
повернуться,3.506558
поверх,2.302585
поверхностный,4.60517
поверхность,2.407946
поверьте,3.912023
повествование,2.813411
повествователь,4.60517
повести,4.60517
повестись,4.60517
повестка,3.218876
повесть,4.60517
повеять,4.60517
повлечь,3.218876
повлиять,2.207275
повод,2.207275
поволжье,4.60517
поворот,3.218876
поворотный,3.506558
повредить,2.995732
повреждение,3.218876
повседневность,4.60517
повседневный,1.832581
повсеместно,3.506558
повсеместный,2.995732
повсюду,2.813411
повтор,3.218876
повторение,3.912023
повторить,4.60517
повториться,4.60517
повторно,3.506558
повторный,2.525729
повторять,2.813411
повторяться,2.407946
повысить,2.65926
повышать,2.040221
повышение,2.040221
повышенный,3.218876
пог,4.60517
погасить,4.60517
погаснуть,4.60517
погашение,4.60517
погибать,4.60517
погибнуть,3.912023
поглотить,4.60517
поглощать,3.912023
поглядывать,3.506558
погнать,2.995732
поговорить,1.514128
погода,3.218876
погодить,2.995732
погодный,3.506558
погодя,4.60517
погонщик,4.60517
погоня,4.60517
пограничница,4.60517
погрести,4.60517
погрешность,3.912023
погружать,4.60517
погружаться,3.218876
погружение,2.65926
погружённость,4.60517
погрузить,3.506558
погрузиться,3.506558
погрузчик,4.60517
погрязнуть,4.60517
погулять,4.60517
подавать,2.995732
подаваться,4.60517
подавить,4.60517
подавлять,3.218876
подакцизный,4.60517
подарить,2.813411
подарок,3.506558
подарочный,4.60517
подать,1.832581
подача,2.813411
подбирать,2.995732
подбираться,4.60517
подбор,3.218876
подборка,1.966113
подбрасывание,4.60517
подведомственность,4.60517
подведомственный,4.60517
подвергаться,3.912023
подвергнуть,4.60517
подвергнуться,4.60517
подверженный,4.60517
подвести,3.912023
подвисало,4.60517
подводить,4.60517
подводный,2.995732
подглядывать,4.60517
подгон,4.60517
подготовить,2.120264
подготовиться,3.506558
подготовка,1.347074
подгружать,4.60517
поддаваться,2.813411
поддакивать,4.60517
поддаться,4.60517
подделка,4.60517
подделывать,4.60517
поддержание,3.506558
поддержать,2.302585
поддерживать,1.272966
поддерживаться,2.813411
поддержка,0.150823
поддомен,3.506558
поделить,4.60517
поделиться,1.108663
поделка,4.60517
подержать,4.60517
подешеветь,3.912023
подзаголовок,4.60517
подзадача,3.912023
подзаработать,4.60517
подкаст,3.912023
подкатегория,4.60517
подкачать,3.912023
подключать,2.813411
подключаться,2.65926
подключение,2.302585
подключить,1.89712
подключиться,3.506558
подковать,4.60517
подкожный,4.60517
подкоп,4.60517
подкорка,4.60517
подкормить,4.60517
подкрасить,4.60517
подкрепление,4.60517
подкреплять,3.912023
подкуп,4.60517
подлежать,2.995732
подлесок,4.60517
подлинность,4.60517
подложить,4.60517
подлёт,4.60517
подменить,3.506558
подменять,4.60517
подменяться,4.60517
подметить,4.60517
подмосковный,4.60517
подмосковье,3.912023
поднабраться,4.60517
поднебесный,4.60517
поднимать,2.65926
подниматься,3.912023
подножный,3.506558
поднятие,4.60517
поднять,2.207275
подняться,3.506558
подобно,3.218876
подобный,1.347074
подобрать,2.65926
подогнать,3.912023
подогрев,3.912023
подогреть,4.60517
подождать,3.912023
подозревать,2.995732
подозрение,3.506558
подозрительно,3.218876
подозрительный,2.813411
подойти,2.040221
подоконник,3.912023
подольск,4.60517
подольский,4.60517
подопытный,3.218876
подорвать,4.60517
подотчётность,4.60517
подоходный,4.60517
подпадать,2.995732
подписание,3.506558
подписать,2.407946
подписаться,0.314711
подписка,1.714798
подписчик,1.609438
подписывать,4.60517
подписываться,3.912023
подпись,2.65926
подполковник,3.912023
подпольный,4.60517
подправить,4.60517
подправлять,4.60517
подпункт,4.60517
подпускать,4.60517
подработать,3.506558
подработка,3.218876
подраздел,4.60517
подразделение,2.407946
подразделяться,4.60517
подразумевать,2.65926
подразумеваться,3.218876
подробно,1.514128
подробность,2.525729
подробный,1.203973
подросток,3.218876
подруга,3.218876
подружить,3.506558
подручный,4.60517
подряд,0.693147
подрядный,4.60517
подрядчик,3.218876
подсадить,4.60517
подсветить,3.218876
подсеть,4.60517
подсистема,3.912023
подсказать,4.60517
подсказка,2.813411
подсказывать,3.912023
подскочить,4.60517
подслушивать,4.60517
подсознательный,4.60517
подставлять,4.60517
подставляться,4.60517
подстановка,4.60517
подстанция,4.60517
подстолье,4.60517
подстраиваться,4.60517
подстраховка,4.60517
подстраховывать,4.60517
подстрочник,4.60517
подстрочный,4.60517
подсчитать,4.60517
подсчитывать,3.912023
подсчёт,4.60517
подтачивать,4.60517
подтвердить,2.302585
подтверждать,1.714798
подтверждаться,4.60517
подтверждение,2.302585
подтип,4.60517
подтолкнуть,4.60517
подтягивать,3.506558
подтянуть,3.912023
подумать,1.832581
подхватывать,4.60517
подхватываться,3.506558
подход,0.562119
подходить,1.237874
подходящий,2.040221
подчеркнуть,2.995732
подчинение,3.912023
подчинённый,3.506558
подчёркивать,3.506558
подчёркиваться,4.60517
подъезд,3.912023
подыскивать,4.60517
поезд,3.506558
поездка,2.525729
поесть,3.912023
поехать,1.560648
пожаловать,2.995732
пожалуй,2.207275
пожалуйста,2.525729
пожар,3.506558
пожарный,4.60517
пожелать,4.60517
пожертвование,4.60517
пожертвовать,4.60517
пожизненный,4.60517
позади,4.60517
позвать,3.218876
позволить,1.427116
позволять,0.693147
позвонить,4.60517
поздний,1.714798
поздно,2.302585
поздравить,3.506558
поздравлять,4.60517
позитивный,4.60517
позитронный,4.60517
позиционирование,4.60517
позиционировать,3.912023
позиционный,4.60517
позиция,1.237874
познавательный,4.60517
познаваться,4.60517
познакомить,3.912023
познакомиться,2.65926
познание,2.65926
познать,3.912023
позор,3.912023
позыв,4.60517
позывной,4.60517
поиграть,4.60517
поинта,4.60517
поинтересоваться,3.912023
поиск,0.673345
поискать,4.60517
поисковик,2.813411
поисковый,1.771957
поистине,4.60517
поймать,2.813411
пойти,0.916291
пока,0.462035
показ,4.60517
показание,3.912023
показатель,1.832581
показательный,2.407946
показать,0.673345
показаться,2.120264
показывать,0.462035
показываться,4.60517
покатиться,4.60517
покер,4.60517
покидать,2.995732
покинутый,2.995732
покинуть,4.60517
поклонник,2.813411
поковыряться,4.60517
покой,3.218876
покойничек,4.60517
покойный,4.60517
поколение,2.040221
покончить,4.60517
покорение,4.60517
покорить,3.912023
покорный,4.60517
покрутить,4.60517
покрывать,2.120264
покрытие,2.525729
покрыть,3.912023
покупатель,2.407946
покупательский,4.60517
покупать,1.560648
покупаться,4.60517
покупка,1.386294
покушение,4.60517
пол,2.302585
пола,4.60517
полагать,2.65926
полагаться,2.995732
полвека,4.60517
полгода,2.525729
полдень,4.60517
поле,1.714798
полевой,4.60517
полезно,1.966113
полезность,3.912023
полезный,0.755023
полезть,3.912023
полететь,3.506558
ползание,4.60517
ползти,4.60517
поливать,4.60517
полигон,3.506558
полиграфический,4.60517
полиномиальный,3.912023
политик,3.218876
политика,1.049822
политический,2.040221
полить,3.912023
полицейский,3.912023
полиция,3.912023
полка,2.813411
полковник,4.60517
полметра,4.60517
полмиллиарда,4.60517
полмиллиметр,4.60517
полно,3.912023
полномочие,3.218876
полноправный,4.60517
полностью,0.967584
полнота,3.912023
полнотекстовый,4.60517
полноценно,3.506558
полноценный,0.891598
полный,0.733969
половина,1.771957
половинка,4.60517
половой,3.506558
положение,1.609438
положительно,4.60517
положительный,2.995732
положить,3.218876
поломка,4.60517
полоса,3.912023
полосатый,4.60517
полочка,3.506558
полсотни,2.813411
полтавский,4.60517
полтора,2.995732
полугнилой,4.60517
полугодие,3.912023
полугодовой,3.506558
полуприцеп,4.60517
полупроводник,3.218876
полупроводниковый,3.218876
получать,0.693147
получаться,1.660731
получение,1.89712
получить,0.385662
получиться,1.049822
полушарие,4.60517
полчаса,2.407946
полый,4.60517
польза,1.469676
пользование,3.218876
пользователь,0.446287
пользовательский,1.237874
пользоваться,1.021651
польша,4.60517
полюбить,3.218876
полюбиться,4.60517
полюс,3.218876
поляризационный,4.60517
поляризация,4.60517
полярный,3.912023
полёт,2.407946
поменять,3.218876
поменяться,2.525729
помереть,4.60517
пометить,3.912023
помеха,4.60517
помечать,4.60517
помечтать,4.60517
помешать,3.506558
помещ,3.506558
помещаться,4.60517
помещение,2.65926
помимо,1.89712
помин,4.60517
помнить,2.207275
помножить,4.60517
помогать,0.755023
помодоро,4.60517
помои,4.60517
помойка,3.912023
поморщиться,4.60517
помочь,0.867501
помощник,1.427116
помощь,0.544727
помпа,4.60517
помысел,4.60517
понаблюдать,3.912023
понадобиться,2.207275
понаслышке,3.912023
поначалу,3.218876
понедельник,2.995732
понемногу,4.60517
понервничать,3.912023
понести,3.912023
понимание,0.994252
понимать,0.597837
пониматься,3.506558
понравиться,2.302585
понятие,1.966113
понятийный,4.60517
понятно,1.609438
понятный,1.514128
понять,0.733969
пообещать,4.60517
пообщаться,3.218876
поощрять,4.60517
попадаля,4.60517
попадание,3.506558
попадать,2.120264
попадаться,4.60517
попарный,4.60517
попасть,1.660731
попасться,3.506558
поперечный,4.60517
попернуться,4.60517
поперёк,4.60517
попкорн,4.60517
поплыть,3.912023
попов,3.506558
пополам,3.912023
пополнение,4.60517
пополнить,3.912023
пополниться,4.60517
поправить,2.995732
поправка,2.995732
поприще,4.60517
попробовать,0.941609
попросить,1.108663
попросту,4.60517
попугай,3.912023
популяризация,4.60517
популярность,2.65926
популярный,0.733969
популяция,4.60517
попутно,3.912023
попутный,4.60517
попытаться,1.660731
попытка,1.171183
пора,0.798508
поработать,2.995732
порадовать,3.912023
поражать,3.506558
поражаться,4.60517
поражение,2.995732
поразительно,4.60517
поразить,4.60517
порвать,3.506558
порекомендовать,4.60517
порешать,4.60517
порно,4.60517
порнография,4.60517
порог,0.693147
породить,4.60517
порождать,3.506558
порой,2.120264
порочить,4.60517
порочный,4.60517
порошковый,4.60517
порошок,4.60517
порт,2.995732
портал,2.525729
портативка,4.60517
портативный,3.218876
портирование,4.60517
портировать,4.60517
портируемость,4.60517
портить,4.60517
портиться,4.60517
портобелло,4.60517
портрет,3.506558
португалия,4.60517
портфель,3.506558
портфолио,3.912023
поручение,3.912023
поручитель,3.912023
поручительский,4.60517
поручительство,3.912023
поручить,3.218876
порушить,4.60517
порция,3.912023
порядок,1.049822
посад,4.60517
посадить,3.912023
посадка,4.60517
посадочный,2.995732
посвятить,1.966113
посевная,4.60517
посередине,3.218876
посетитель,2.65926
посетить,2.813411
посещаемость,4.60517
посещать,2.995732
посещение,2.995732
посиделки,4.60517
посидеть,4.60517
посильный,3.912023
поскольку,1.560648
послабление,3.912023
послание,3.912023
послать,3.506558
последний,0.385662
последовательно,3.218876
последовательность,3.506558
последовательный,3.912023
последовать,2.65926
последствие,1.832581
последующий,2.407946
послесловие,4.60517
послужить,2.407946
послушать,3.506558
посмеиваться,4.60517
посмешище,3.912023
посмотреть,0.597837
пособие,3.912023
пособница,4.60517
посоветовать,4.60517
посол,3.912023
поспешно,4.60517
поспорить,4.60517
поспособствовать,4.60517
поспрашивать,4.60517
посреди,3.912023
посредник,4.60517
посредственно,3.912023
посредством,2.813411
поссориться,4.60517
пост,0.544727
поставить,1.272966
поставка,2.120264
поставлять,3.506558
поставляться,3.912023
поставщик,2.120264
постановка,2.65926
постановление,3.218876
постараться,2.525729
постатейный,4.60517
постель,4.60517
постепенно,2.407946
постепенный,4.60517
постигать,4.60517
посткапиталистический,4.60517
постквантовый,4.60517
постобработка,3.912023
посторонний,4.60517
постоянно,1.560648
постоянный,1.386294
постоять,4.60517
пострадать,3.506558
построение,2.407946
построить,0.891598
постройка,4.60517
постсделочный,4.60517
постсоветский,3.912023
поступать,2.995732
поступить,3.506558
поступление,3.506558
посчитать,2.207275
посыл,4.60517
посылать,3.506558
посылка,4.60517
посягать,4.60517
посёлок,3.912023
пот,3.912023
потанин,4.60517
потаповка,4.60517
потенциал,2.813411
потенциально,3.506558
потенциальный,2.302585
потерпевший,4.60517
потерпеть,3.912023
потеря,1.660731
потерянный,4.60517
потерять,2.040221
потеряться,2.525729
потестировать,4.60517
потихоньку,2.407946
поток,1.108663
потоковый,3.912023
потолок,2.65926
потомство,4.60517
поточить,4.60517
потратить,1.966113
потребитель,1.89712
потребительский,3.218876
потребление,1.966113
потреблять,2.995732
потребляться,4.60517
потребность,1.514128
потребовать,3.506558
потребоваться,2.525729
потренироваться,4.60517
потрогать,4.60517
потрясать,2.813411
потрясающе,4.60517
потрясти,4.60517
потыкать,2.65926
потягивать,4.60517
потяжелеть,4.60517
потянуть,4.60517
потёмкинский,4.60517
поучаствовать,4.60517
похвастаться,4.60517
похитить,4.60517
похлеще,2.995732
похмелие,4.60517
поход,3.506558
походный,4.60517
похоже,1.966113
похожий,0.967584
похоронить,4.60517
поцарапать,4.60517
почва,3.218876
почему,0.301105
почивший,4.60517
починить,3.218876
почистить,2.65926
почитать,2.407946
почта,1.832581
почтение,4.60517
почтовый,2.65926
почувствовать,3.218876
пошаговый,2.407946
пошлина,3.506558
пошлый,4.60517
пощупать,4.60517
поэлементный,4.60517
поэт,4.60517
поэтапно,4.60517
поэтапный,4.60517
поэтический,3.912023
поэтому,0.510826
появиться,0.71335
появление,2.207275
появляться,1.021651
пояснение,2.813411
поясной,4.60517
пояснять,4.60517
пр,3.912023
правда,1.609438
правдивость,4.60517
правдивый,4.60517
правдобный,4.60517
правдоподобно,3.912023
праведный,4.60517
правило,0.693147
правильно,1.203973
правильность,3.912023
правильный,1.771957
правитель,3.506558
правительственный,3.506558
правительство,2.040221
править,4.60517
правиться,4.60517
правка,3.218876
правление,3.912023
право,1.07881
правовой,1.966113
правомерность,3.912023
правомерный,4.60517
правообладатель,3.218876
правоохранительный,3.506558
правопорядок,4.60517
правопреемник,4.60517
правоприменение,4.60517
правоприменительный,3.218876
правосудие,4.60517
правота,4.60517
правый,3.912023
прага,4.60517
прагматичный,3.912023
праздник,3.218876
праздничный,4.60517
прайд,3.912023
практик,3.912023
практика,0.634878
практикант,4.60517
практиковать,3.912023
практикум,1.560648
практически,1.237874
практический,1.139434
практично,3.912023
практичность,4.60517
практичный,3.506558
пребывание,2.995732
пребывать,4.60517
превентивный,4.60517
превзойти,4.60517
превосходить,4.60517
превосходный,4.60517
превосходство,4.60517
превосходящий,4.60517
превратить,1.560648
превратиться,1.108663
превращать,1.609438
превращаться,1.386294
превысить,3.218876
превышать,2.813411
превью,4.60517
предательски,4.60517
предать,3.506558
предварительно,4.60517
предварительный,2.302585
предвещать,4.60517
предвзятость,3.506558
предвзятый,4.60517
предвидеть,4.60517
предвосхищать,4.60517
предвыборный,3.912023
преддверие,3.912023
преддоговорный,4.60517
предел,1.427116
предельно,4.60517
предельный,4.60517
предзаказ,4.60517
предиктивный,4.60517
предиктор,4.60517
прединвестиционный,4.60517
предисловие,3.506558
предлагать,0.562119
предлагаться,2.813411
предлог,4.60517
предложение,1.714798
предложить,1.966113
предмет,2.120264
предметный,3.912023
предназначить,2.120264
преднастроить,4.60517
предобработка,4.60517
предок,3.506558
предоставить,2.207275
предоставление,2.207275
предоставлять,1.89712
предоставляться,2.407946
предостаточно,3.506558
предотвращать,3.912023
предотвращение,3.506558
предоткрытие,4.60517
предписывать,4.60517
предполагать,2.302585
предполагаться,3.912023
предположение,4.60517
предположительно,3.506558
предположить,2.995732
предпоследний,4.60517
предпосылка,4.60517
предпочитать,4.60517
предпочтение,3.218876
предпочтительный,3.912023
предприниматель,1.832581
предпринимательский,3.506558
предпринимательство,3.912023
предпринимать,3.506558
предпринять,3.506558
предприятие,2.407946
предрасположенность,4.60517
председатель,3.506558
предсказание,3.912023
предсказатель,4.60517
предсказать,2.995732
предсказуемость,3.912023
предсказуемый,2.040221
предсказывать,2.207275
представимый,4.60517
представитель,1.427116
представительство,4.60517
представить,0.916291
представиться,3.506558
представление,1.514128
представлять,1.049822
представляться,2.813411
предстартовый,4.60517
предстоять,2.407946
предстоящий,4.60517
предубеждение,4.60517
предупредить,2.207275
предупреждать,2.302585
предупреждение,2.995732
предусматривать,2.995732
предусмотренный,2.995732
предусмотреть,2.040221
предустановленный,4.60517
предчувствие,4.60517
предъявить,4.60517
предъявление,4.60517
предъявлять,3.912023
предыдущий,1.203973
предыстория,3.218876
преемник,4.60517
прежде,2.407946
преждевременный,4.60517
прежний,1.832581
презентационный,4.60517
презентация,2.302585
президент,2.302585
президиум,4.60517
преизрядно,3.506558
преимущественно,3.506558
преимущество,1.771957
преклонить,4.60517
прекоциальный,4.60517
прекрасно,3.218876
прекрасный,2.65926
прекратить,2.65926
прекращать,4.60517
прекращаться,3.506558
прекращение,3.912023
премиальный,2.995732
премиум,3.218876
премия,2.302585
премьер,2.302585
премьера,3.912023
премьерный,4.60517
пренебрежение,4.60517
преобладать,3.912023
преобразование,3.506558
преобразователь,3.912023
преобразоваться,4.60517
преобразовывать,4.60517
преодоление,3.912023
преодолеть,2.65926
препарировать,4.60517
преподаватель,2.407946
преподавать,3.218876
преподносить,4.60517
препрег,4.60517
препроцессор,4.60517
препроцессорный,4.60517
препятствие,2.525729
прервать,4.60517
прерваться,4.60517
прерываться,4.60517
пресекать,4.60517
пресечение,4.60517
пресечь,4.60517
преска,4.60517
преследовать,4.60517
пресс,3.218876
престижный,3.912023
преступление,3.218876
преступник,4.60517
преступность,3.912023
преступный,3.506558
претендовать,3.506558
претензионный,4.60517
претензия,2.813411
преувеличение,4.60517
преувеличить,4.60517
преуспеть,4.60517
преференция,3.912023
префиксный,4.60517
прибавить,4.60517
прибавка,3.912023
прибегать,4.60517
прибегнуть,3.912023
приближать,4.60517
приближаться,3.506558
приближение,4.60517
приблизительный,4.60517
приблизить,4.60517
приблуд,4.60517
прибор,3.912023
приборо,4.60517
приборостроение,4.60517
прибыль,2.407946
прибыльный,4.60517
прибытие,4.60517
прибыть,4.60517
приватность,3.506558
приватный,2.407946
приведение,4.60517
привезти,4.60517
привести,1.108663
привет,0.71335
приветствовать,2.207275
привилегированный,3.912023
привлекательность,3.912023
привлекательный,2.302585
привлекать,2.302585
привлекаться,3.912023
привлечение,2.407946
привлечь,2.407946
привнести,4.60517
привод,3.506558
приводить,1.714798
приводиться,3.912023
привозить,4.60517
приволжский,4.60517
привыкать,4.60517
привыкнуть,2.525729
привычка,2.207275
привычно,4.60517
привычный,1.660731
привязанность,2.995732
привязать,2.813411
привязка,3.218876
привязывать,3.912023
привязываться,4.60517
пригласить,3.218876
приглашать,3.506558
приглашение,3.506558
приглянуться,4.60517
пригнуться,4.60517
приговор,3.912023
приговорить,4.60517
пригодиться,3.218876
пригодность,4.60517
пригодный,3.218876
пригореть,4.60517
пригород,3.912023
пригородный,3.912023
приготовить,3.912023
приготовиться,4.60517
приготовление,4.60517
приграничный,4.60517
пригрозить,4.60517
придавать,4.60517
придерживаться,4.60517
придираться,4.60517
придирка,4.60517
придирчивый,4.60517
придомовый,4.60517
придорожный,4.60517
придумать,1.832581
придумывание,4.60517
придумывать,3.506558
приезд,4.60517
приезжать,4.60517
приеметь,3.506558
приемлемый,3.218876
приехать,4.60517
призадуматься,4.60517
призвать,2.040221
приземлить,3.912023
приземлиться,4.60517
приземляться,3.912023
призма,2.302585
признавать,2.995732
признаваться,2.65926
признак,1.660731
признание,2.995732
признанный,3.912023
признательный,4.60517
признать,2.302585
признаться,2.813411
призрачный,3.912023
призыв,3.912023
призывать,4.60517
призываться,4.60517
призёр,2.302585
прийти,1.427116
прийтись,1.347074
приказ,2.207275
прикамский,4.60517
приквел,4.60517
прикинуть,4.60517
прикладной,2.302585
приключение,4.60517
приковать,4.60517
прикол,4.60517
приколоть,3.912023
прикольный,3.912023
прикоснуться,4.60517
прикрепить,2.995732
прикрепиться,4.60517
прикрепление,4.60517
прикреплять,4.60517
прикрепляться,4.60517
прикрутить,4.60517
прикручивать,4.60517
прикрываться,4.60517
прикрытие,3.912023
прикрыть,3.912023
прикупить,3.912023
прилагать,3.506558
прилетать,3.912023
прилететь,3.912023
прилизать,4.60517
прилично,4.60517
приличный,2.040221
приложение,0.616186
приложить,3.912023
прилёт,4.60517
прим,4.60517
применение,1.309333
применимость,3.912023
применимый,2.995732
применительно,4.60517
применить,0.597837
примениться,4.60517
применять,1.714798
применяться,1.966113
пример,0.544727
примерить,4.60517
примерно,1.309333
примерный,3.506558
примечательно,4.60517
примечательный,3.912023
примитивно,4.60517
примитивный,2.995732
приморский,3.912023
примочка,4.60517
принадлежать,2.813411
принадлежащий,3.506558
принадлежность,3.218876
принести,2.813411
принимать,0.820981
приниматься,2.813411
приносить,2.302585
принт,4.60517
принтер,2.302585
принц,3.912023
принцип,1.427116
принципиально,2.813411
принципиальный,3.912023
принятие,2.65926
принять,1.609438
приобрести,2.995732
приобретать,2.407946
приобретение,3.218876
приоритет,2.207275
приоритетный,3.506558
приоритизация,4.60517
приостанавливать,4.60517
приостановить,3.218876
приостановка,4.60517
припадок,4.60517
припереться,4.60517
приподнять,4.60517
припомнить,4.60517
приправить,3.506558
приравнять,4.60517
природа,1.966113
природный,2.407946
прирост,3.506558
приручать,4.60517
приручить,4.60517
присваивать,4.60517
присваиваться,3.912023
присвоение,3.912023
присвоить,3.912023
присесть,4.60517
прислать,1.89712
прислушиваться,3.912023
присмотр,4.60517
присоединиться,2.120264
приспешник,4.60517
приспосабливать,4.60517
приспособить,4.60517
пристальный,4.60517
пристроить,3.912023
приструнить,4.60517
приступ,4.60517
приступать,3.912023
приступить,2.525729
присудить,3.506558
присуждение,4.60517
присутвие,4.60517
присутствие,2.995732
присутствовать,2.813411
присущий,3.912023
присяжный,4.60517
притвориться,4.60517
притворяться,3.912023
притираться,4.60517
приток,4.60517
притяжение,3.912023
приход,4.60517
приходить,1.021651
приходиться,1.386294
прицел,4.60517
прицеп,4.60517
прицкер,4.60517
причалить,4.60517
причастность,3.506558
причастный,4.60517
причина,0.798508
причинение,3.912023
причинить,3.506558
причинный,3.912023
причинять,4.60517
причудливый,3.912023
причём,1.514128
пришелец,4.60517
пришествие,3.912023
приятно,3.506558
приятный,2.407946
приём,2.813411
приёмный,3.506558
проактивно,4.60517
проанализировать,2.407946
проба,3.218876
пробег,4.60517
пробежаться,3.506558
пробежка,4.60517
пробел,2.995732
пробить,3.912023
пробиться,4.60517
пробка,3.218876
проблема,0.34249
проблематика,3.506558
проблемный,4.60517
пробный,3.912023
пробовать,2.040221
пробраться,4.60517
проброс,3.912023
пробуждение,3.912023
провайдер,2.407946
провайдерский,4.60517
провал,2.65926
проваливаться,3.912023
провалиться,3.218876
проведение,2.207275
проверить,1.139434
проверка,1.171183
проверочный,3.506558
проверять,1.386294
проверяться,3.218876
провести,0.891598
провидчески,4.60517
провод,2.525729
проводить,1.203973
проводиться,3.912023
проводка,3.912023
проводы,3.218876
провокативный,4.60517
провокация,4.60517
проволока,3.912023
провоцировать,3.912023
прогаммирование,4.60517
прогибать,4.60517
проглотить,4.60517
прогнать,2.525729
прогноз,0.967584
прогнозирование,3.912023
прогнозировать,2.407946
прогнозный,4.60517
проговаривать,4.60517
прогон,2.65926
прогонка,4.60517
прогонять,3.506558
программа,0.150823
программирование,0.693147
программировать,3.912023
программис,4.60517
программист,1.309333
программистский,3.912023
программно,3.218876
программный,1.171183
прогресс,2.407946
прогрессивность,4.60517
прогрессивный,3.912023
прогрессия,4.60517
прогуливаться,4.60517
прогулка,4.60517
прогуляться,4.60517
прод,2.65926
продавать,1.427116
продаваться,3.218876
продавец,3.506558
продавить,4.60517
продажа,1.139434
продаксить,2.813411
продакт,3.506558
продактс,4.60517
продакшен,2.995732
продакшн,4.60517
продакшний,3.912023
продать,2.407946
продвигать,2.525729
продвигаться,3.912023
продвижение,2.302585
продвинуть,2.525729
продвинуться,4.60517
проделать,3.506558
продемонстрировать,2.65926
продержаться,3.912023
продление,4.60517
продлить,2.120264
продлиться,3.912023
продовой,4.60517
продолжать,0.994252
продолжаться,3.218876
продолжение,2.407946
продолжительность,4.60517
продолжительный,4.60517
продолжить,1.966113
продолжиться,3.506558
продукт,0.562119
продуктив,4.60517
продуктивность,2.040221
продуктивный,3.506558
продуктовый,2.207275
продукция,2.207275
продумать,2.525729
продя,3.218876
проезд,3.912023
проездной,4.60517
проезжать,4.60517
проект,0.139262
проектирование,1.139434
проектировать,1.966113
проектироваться,4.60517
проектировка,4.60517
проектировщик,4.60517
проектный,3.912023
проектор,2.995732
проехать,4.60517
проехаться,4.60517
прождать,4.60517
прожечь,4.60517
проживание,3.506558
проживать,3.912023
прожиточный,4.60517
прожить,3.912023
проза,3.912023
прозаичный,3.912023
прозвать,4.60517
прозорливость,4.60517
прозорливый,4.60517
прозрачность,2.813411
прозрачный,2.525729
проигнорировать,4.60517
проиграть,3.506558
проигрывать,3.218876
произведение,2.407946
произвести,2.407946
производитель,1.714798
производительность,1.966113
производительный,3.218876
производить,2.407946
производиться,2.65926
производный,3.912023
производственный,3.218876
производство,0.733969
произвольный,3.506558
произойти,1.427116
проиндексировать,4.60517
проинтерпретировать,4.60517
проистекать,4.60517
происходить,0.562119
происхождение,3.218876
пройти,0.693147
пройтись,3.218876
прокат,3.912023
прокатиться,4.60517
прокачать,3.506558
прокачаться,4.60517
прокачивать,4.60517
прокладывать,4.60517
прокладываться,4.60517
проклятие,4.60517
прокомментировать,3.506558
прокрастинировать,4.60517
прокрутить,4.60517
прокрутка,3.912023
проксить,2.407946
прокуратура,3.912023
прокурор,4.60517
пролегать,4.60517
пролетать,4.60517
проливать,3.912023
пролистать,4.60517
пролистывать,3.506558
пролить,4.60517
пролёт,4.60517
промах,3.506558
промежуток,4.60517
промежуточный,2.995732
промокод,4.60517
промотариф,4.60517
промпт,1.514128
промптов,2.995732
промптом,4.60517
промпту,4.60517
промт,3.912023
промый,3.912023
промыть,4.60517
промышленник,4.60517
промышленно,4.60517
промышленность,1.660731
промышленный,1.660731
пронаблюдать,4.60517
пронести,4.60517
проникаться,4.60517
проникновение,3.506558
проникнуть,4.60517
прооперировать,4.60517
пропаганда,4.60517
пропагандировать,4.60517
пропадать,3.506558
пропасть,2.995732
пропатчивать,4.60517
пропатчить,4.60517
прописать,2.813411
прописаться,4.60517
прописывать,3.912023
пропитать,3.912023
пропитывать,4.60517
пропорционально,4.60517
пропорция,4.60517
проприетарный,3.912023
пропуск,3.912023
пропускать,3.218876
пропускной,4.60517
пропустить,2.302585
прорабатывать,4.60517
проработать,2.813411
проработка,3.912023
прорасти,4.60517
прорицатель,4.60517
прорыв,3.506558
прорываться,4.60517
просадка,4.60517
просветитель,4.60517
просветлённость,4.60517
просветлённый,4.60517
просвещение,4.60517
проседать,4.60517
просесть,3.912023
просиживать,4.60517
просить,1.560648
проскакивать,3.912023
прославить,4.60517
проследить,3.506558
прослеживать,4.60517
прослойка,4.60517
прослушивание,3.506558
просматривать,3.218876
просмотр,2.120264
просмотреть,2.995732
проснуться,3.912023
проспект,3.506558
просрочить,4.60517
просрочка,3.506558
проставлять,4.60517
простаивать,3.218876
простейшее,4.60517
простенький,4.60517
проституция,4.60517
простить,2.995732
просто,0.223144
простой,0.210721
простор,2.813411
просторный,4.60517
простота,2.995732
пространство,1.771957
просуществовать,4.60517
просчитывать,4.60517
просчёт,4.60517
просыпаться,4.60517
просьба,2.525729
проталкивать,4.60517
протеже,4.60517
протез,3.506558
протеиновый,4.60517
протекционизм,4.60517
протестировать,1.714798
против,1.309333
противник,3.912023
противовес,4.60517
противодействие,3.218876
противообледенительный,4.60517
противопожарный,4.60517
противоположность,4.60517
противоположный,3.218876
противоправный,3.912023
противоречащий,3.912023
противоречие,2.995732
противоречить,3.218876
противостояние,4.60517
противостоять,3.912023
протокол,1.469676
прототип,2.813411
прототипирование,4.60517
протяжение,2.525729
протянуть,4.60517
профайл,4.60517
профдеформация,4.60517
профдеформироваться,4.60517
профессионал,2.302585
профессионализм,3.218876
профессионально,3.218876
профессиональный,1.108663
профессия,1.832581
профессор,3.218876
профи,3.506558
профилактика,4.60517
профилактический,4.60517
профилирование,3.912023
профиль,1.560648
профильный,2.65926
профинансировать,4.60517
профсоюзный,4.60517
прохлада,4.60517
проход,3.912023
проходимость,4.60517
проходить,1.139434
проходная,4.60517
прохождение,2.207275
процветание,3.912023
процедить,4.60517
процедура,2.120264
процент,2.120264
процентный,4.60517
процесс,0.385662
процессинг,4.60517
процессный,2.65926
процессор,1.560648
процессорный,3.218876
процессуальный,4.60517
процитировать,4.60517
прочее,2.040221
прочий,2.407946
прочитать,1.660731
прочно,4.60517
прочность,3.912023
прочный,3.506558
прочтение,0.261365
прочувствовать,4.60517
прошедшее,3.218876
прошедший,4.60517
прошерстить,3.506558
прошивка,2.995732
прошлогодний,4.60517
прошлое,1.347074
прошлый,0.891598
прощаться,3.912023
прощение,4.60517
проявить,3.912023
проявиться,4.60517
проявление,4.60517
проявлять,4.60517
проявляться,3.218876
пруд,4.60517
пружина,4.60517
пружинный,4.60517
прыгать,3.912023
прыжок,4.60517
прям,2.995732
прямо,0.71335
прямой,1.609438
прямолинейно,3.912023
прямолинейный,3.912023
прямоугольник,4.60517
прямоугольный,4.60517
пряник,4.60517
прятать,4.60517
пс,4.60517
псб,3.912023
псевдоаналитик,3.912023
псевдодецентрализация,4.60517
псевдоним,3.912023
пси,4.60517
психиатрия,4.60517
психический,3.506558
психоделик,4.60517
психолог,2.813411
психологический,3.506558
психология,3.218876
психопат,3.912023
психотерапевт,4.60517
психотерапия,4.60517
психотический,4.60517
психофизиологический,4.60517
пск,4.60517
псковский,2.207275
птицефабрика,4.60517
птичий,4.60517
птичка,4.60517
публика,4.60517
публикация,1.469676
публиковать,1.966113
публиковаться,3.218876
публично,3.218876
публичность,4.60517
публичный,1.609438
пугать,2.525729
пугачёв,4.60517
пуец,4.60517
пузырь,3.506558
пул,2.65926
пулково,2.207275
пулковский,4.60517
пульс,3.506558
пульсировать,4.60517
пуля,2.995732
пункт,1.560648
пуск,3.912023
пускать,4.60517
пусковой,3.912023
пустить,3.912023
пустой,2.302585
пустота,3.506558
пустынь,3.912023
пустыня,3.912023
пустышка,3.912023
пусть,2.120264
пустяк,3.912023
путать,3.912023
путеводитель,3.912023
путешественник,4.60517
путешествие,3.218876
путешествовать,3.912023
путин,3.218876
путный,4.60517
путь,1.021651
путём,2.302585
пуц,4.60517
пуца,4.60517
пучина,2.813411
пуш,4.60517
пушистый,4.60517
пушить,4.60517
пушкинский,4.60517
пушнина,4.60517
пушнуть,4.60517
пфр,4.60517
пчелиный,4.60517
пшеницын,4.60517
пылесос,2.813411
пылиться,4.60517
пыль,3.506558
пыльный,3.506558
пытаться,0.967584
пьер,4.60517
пэм,3.218876
пята,4.60517
пятидневный,4.60517
пятизвёздочный,4.60517
пятиэтажка,4.60517
пятнадцать,2.407946
пятница,3.218876
пятницкий,4.60517
пятно,3.912023
пятый,2.995732
пять,0.994252
пятьдесят,3.912023
пётр,4.60517
р,3.506558
ра,4.60517
раб,4.60517
рабовладельческий,4.60517
работа,0.094311
работать,0.18633
работник,2.407946
работодатель,1.771957
работорговля,4.60517
работоспособность,3.506558
рабочий,0.562119
рабсилой,4.60517
рабский,4.60517
рабство,3.912023
равнина,3.506558
равно,1.832581
равнозначность,3.912023
равнозначный,4.60517
равномерный,4.60517
равный,3.218876
рад,3.218876
рада,3.912023
радар,3.912023
ради,1.771957
радикально,2.995732
радикальный,4.60517
радио,2.995732
радиовещание,4.60517
радиодеталь,4.60517
радиодоступ,3.912023
радиозакладка,4.60517
радиолюбитель,3.912023
радиолюбительство,3.912023
радиоприёмник,3.912023
радиосвязь,4.60517
радиосигнал,4.60517
радиослушатель,4.60517
радиостанция,4.60517
радиотехнический,4.60517
радиотовар,4.60517
радиофизик,4.60517
радиочастотный,4.60517
радиоэлектронный,4.60517
радиоэлемент,4.60517
радиус,3.218876
радовать,4.60517
радоваться,4.60517
радостный,3.506558
радость,3.506558
раз,1.309333
разбежаться,3.912023
разбивать,4.60517
разбивка,2.995732
разбирательство,4.60517
разбирать,1.07881
разбираться,0.891598
разбитый,3.218876
разбить,3.506558
разбиться,3.912023
разбор,1.469676
разборка,4.60517
разбросать,4.60517
разбудить,3.912023
разваливаться,4.60517
развалиться,3.912023
разведка,2.995732
разведчик,3.912023
разведывательный,4.60517
развернуть,1.714798
развести,3.506558
развивать,1.386294
развиваться,2.407946
развивающийся,3.912023
развидеть,4.60517
развитие,0.616186
развитой,2.65926
развить,2.302585
развиться,4.60517
развлечение,3.506558
развод,3.912023
разводить,4.60517
разворачивание,4.60517
разворачивать,3.506558
разворачиваться,3.912023
разворот,2.995732
развязать,4.60517
развёртывание,2.65926
разгадка,4.60517
разгар,3.912023
разгильдяйство,4.60517
разглашать,4.60517
разговаривать,3.218876
разговор,1.07881
разговорный,2.813411
разгонять,3.912023
разгоняться,3.912023
разграничение,4.60517
разграничить,4.60517
разгребание,4.60517
разгребать,4.60517
разгружать,3.912023
разгрузка,4.60517
раздавать,3.218876
раздел,0.18633
разделение,2.407946
разделить,2.995732
разделиться,4.60517
разделять,2.302585
раздеть,4.60517
раздобыть,4.60517
раздражать,3.912023
раздражающе,4.60517
раздражение,4.60517
раздувать,4.60517
раздуваться,4.60517
раздумывать,4.60517
раздутый,4.60517
разевать,4.60517
разжевать,4.60517
разлагать,4.60517
различаться,3.506558
различие,3.506558
различный,1.07881
разложение,3.912023
разложить,2.65926
разложиться,4.60517
размах,4.60517
размер,1.469676
размерность,4.60517
разместить,2.302585
разметить,4.60517
разметка,2.995732
размещать,2.525729
размещаться,2.813411
размещение,1.771957
размотать,4.60517
размывать,3.912023
размываться,4.60517
размытый,4.60517
размышление,2.207275
размышлять,3.912023
разница,1.714798
разнообразие,4.60517
разнообразный,2.995732
разноплановый,3.912023
разнородный,3.912023
разноцветный,3.506558
разноширинный,4.60517
разный,0.415515
разоблачить,4.60517
разобрать,0.891598
разобраться,0.755023
разовый,3.506558
разогнать,4.60517
разогреваться,3.506558
разозлить,4.60517
разойтись,3.912023
разок,4.60517
разом,3.506558
разорвать,2.65926
разориться,4.60517
разочарование,3.218876
разочаровать,4.60517
разраб,3.218876
разрабатывать,2.207275
разработать,1.966113
разработка,0.400478
разработчик,0.634878
разрастаться,4.60517
разрастись,4.60517
разрез,4.60517
разрезать,4.60517
разрешать,3.506558
разрешаться,3.506558
разрешение,2.525729
разрешить,2.120264
разрозненный,2.302585
разрубить,4.60517
разрушать,3.218876
разрушаться,4.60517
разрушение,3.506558
разрушитель,3.912023
разрушительный,3.912023
разрушить,3.912023
разрыв,2.207275
разряд,2.813411
разряжаться,4.60517
разум,2.813411
разумеется,2.995732
разумно,3.506558
разумность,4.60517
разумный,3.912023
разучиться,3.912023
разъяснение,2.040221
разъяснять,4.60517
разыграться,4.60517
разыменование,4.60517
разыменовывать,4.60517
раиса,4.60517
рай,4.60517
район,2.813411
районный,4.60517
райса,2.65926
райффайзный,3.506558
райцентр,4.60517
рак,4.60517
ракета,2.995732
ракетный,3.506558
ракетоплан,4.60517
ракурс,4.60517
раменский,4.60517
раменское,4.60517
рамзес,4.60517
рами,4.60517
рамиль,3.218876
рамка,0.994252
ран,4.60517
рана,4.60517
ранг,4.60517
ранее,1.514128
ранение,3.506558
ранжирование,3.912023
ранний,0.755023
рано,2.525729
рантайм,3.912023
ранхигс,4.60517
ранчо,4.60517
раритетный,4.60517
рарус,4.60517
раскидать,3.912023
расклад,2.302585
раскладка,3.912023
раскол,4.60517
раскопка,3.912023
раскошелиться,4.60517
раскритиковать,4.60517
раскрой,4.60517
раскрутить,4.60517
раскрывать,2.995732
раскрываться,4.60517
раскрытие,1.966113
раскрытый,4.60517
раскрыть,2.207275
раскрыться,4.60517
расовый,3.506558
распад,3.912023
распадаться,4.60517
распадок,4.60517
распадский,4.60517
распаять,3.912023
распечатка,4.60517
распечатывать,4.60517
распил,4.60517
распирать,4.60517
расписание,2.995732
расписать,2.995732
расписаться,2.995732
расписывать,4.60517
расплата,4.60517
распознавалка,2.813411
распознавание,2.995732
распознавать,2.65926
распознать,3.506558
располагать,4.60517
располагаться,3.912023
расположение,4.60517
расположить,2.525729
распорядительный,4.60517
распорядиться,4.60517
распорядок,4.60517
распоряжение,3.912023
распределение,2.525729
распределить,4.60517
распределиться,4.60517
распределять,2.813411
распределяться,3.912023
распределённый,2.407946
распространение,1.966113
распространить,1.714798
распространять,2.525729
распространяться,2.813411
распустить,4.60517
распыление,3.506558
распылять,4.60517
распыляться,4.60517
рассвести,4.60517
рассекретить,4.60517
рассекречиваться,4.60517
расселить,4.60517
рассинхрон,3.506558
рассказ,2.302585
рассказать,0.446287
рассказывать,0.755023
рассказываться,3.912023
расследование,2.525729
расследовать,3.912023
расслоение,4.60517
рассматривать,2.207275
рассматриваться,2.302585
рассмотрение,2.995732
рассмотреть,1.514128
расспросить,3.912023
рассредоточить,4.60517
рассрочка,4.60517
расставание,4.60517
расставаться,4.60517
расставить,3.506558
расстановка,4.60517
расстаться,3.506558
расстояние,2.525729
расстраиваться,3.912023
расстрел,4.60517
расстроиться,3.218876
расстройство,4.60517
рассуждать,2.813411
рассуждение,2.525729
рассчитать,2.525729
рассчитывать,1.89712
рассчитываться,2.995732
рассылать,4.60517
рассылка,3.506558
рассыпать,3.912023
рассыпаться,2.995732
раствориться,4.60517
растение,3.912023
растениеводство,4.60517
расти,0.967584
растительный,4.60517
растить,3.218876
растягивать,4.60517
растянуться,3.912023
расформировать,4.60517
расход,1.89712
расходиться,3.506558
расходник,3.218876
расходный,4.60517
расхождение,3.506558
расцвет,4.60517
расчеткать,4.60517
расчистка,4.60517
расчитать,4.60517
расчёт,1.832581
расчётки,4.60517
расчётный,3.218876
расширение,1.89712
расширить,2.302585
расшириться,4.60517
расширять,2.207275
расширяться,4.60517
расшифровывать,4.60517
раунд,2.302585
раф,4.60517
рационализация,4.60517
рациональность,4.60517
рациональный,3.912023
рбк,1.89712
рбоо,4.60517
рвение,4.60517
рвотное,4.60517
рд,4.60517
реабилитация,4.60517
реагент,4.60517
реагирование,3.218876
реагировать,2.813411
реактивность,4.60517
реактивный,3.506558
реакция,2.120264
реализация,1.609438
реализм,3.912023
реализовать,1.347074
реализоваться,3.912023
реализовывать,4.60517
реалистичный,4.60517
реалия,3.912023
реально,1.108663
реальность,0.941609
реальный,0.446287
реанимация,4.60517
ребекка,4.60517
ребрендинг,3.912023
ребро,3.912023
ребут,4.60517
ребята,2.302585
ребёнок,1.237874
реверс,2.65926
реветь,4.60517
ревизовать,4.60517
ревить,2.65926
революционный,4.60517
революция,2.302585
регенератор,4.60517
регенерация,3.912023
регенерировать,4.60517
регион,1.560648
региональный,2.65926
регистр,3.506558
регистратор,3.912023
регистрационный,2.813411
регистрация,0.18633
регистрировать,4.60517
регистрироваться,3.218876
регламент,2.995732
регламентировать,4.60517
регрессия,4.60517
регулирование,2.302585
регулировать,2.525729
регулироваться,3.912023
регулировка,3.912023
регулярно,1.771957
регулярность,4.60517
регулярный,2.525729
регулятор,2.525729
регуляторный,3.912023
регуляция,4.60517
ред,3.912023
редактирование,2.407946
редактировать,2.813411
редактироваться,4.60517
редактор,1.347074
редактура,3.912023
редакционный,4.60517
редакция,2.813411
реджект,4.60517
редизайн,4.60517
редкий,2.407946
редко,2.65926
редкоземельный,4.60517
редкость,4.60517
редль,4.60517
реестр,2.525729
реестрповестка,4.60517
реж,4.60517
режим,0.71335
режиссёр,3.912023
резать,3.912023
резерв,3.912023
резервирование,4.60517
резервист,4.60517
резервный,2.65926
резец,4.60517
резидент,4.60517
резидентский,4.60517
резиденция,4.60517
резиновый,3.912023
резистор,4.60517
резка,4.60517
резкий,2.995732
резко,2.207275
резкость,4.60517
резня,4.60517
резолва,4.60517
резолюция,4.60517
резонанс,4.60517
резонансный,3.912023
резонно,3.912023
резонный,4.60517
результат,0.287682
резюме,2.207275
резюмировать,4.60517
рейд,4.60517
реймера,4.60517
рейс,2.65926
рейсфедра,4.60517
рейтинг,0.34249
рейтинговый,4.60517
река,4.60517
реквест,3.218876
реквизит,3.218876
реклама,0.139262
рекламация,4.60517
рекламировать,4.60517
рекламный,1.832581
рекламодатель,2.813411
рекламораспространитель,3.218876
рекомендательный,4.60517
рекомендация,1.347074
рекомендовать,2.813411
рекомендоваться,3.912023
реконструкция,4.60517
рекорд,4.60517
рекордный,4.60517
рекреационный,4.60517
рекрутер,3.218876
рекрутинг,3.912023
ректальный,4.60517
ректор,4.60517
рекурсивный,3.912023
рекурсия,4.60517
релевантность,4.60517
релевантный,3.912023
религиозный,3.506558
релиз,1.660731
релизный,3.912023
реликт,4.60517
реликтовый,4.60517
релокация,4.60517
рельеф,4.60517
ремень,4.60517
ремиссия,4.60517
ремонт,2.65926
ремонтировать,4.60517
ремонтник,4.60517
рен,4.60517
ренделла,4.60517
рендеринг,4.60517
ренкинг,4.60517
ренкова,4.60517
рентабельный,4.60517
рентген,4.60517
рентгеновский,4.60517
реорганизация,3.912023
репетитор,3.912023
реплика,4.60517
репозиторий,1.771957
репортаж,2.995732
репост,4.60517
репостить,4.60517
репрессивный,4.60517
репутационный,3.218876
репутация,3.218876
рерайт,4.60517
ресет,4.60517
республика,2.995732
республиканский,4.60517
рестарт,4.60517
ресторан,2.995732
ресторанный,3.912023
ресторатор,4.60517
реструктуризация,4.60517
реструктурироваться,4.60517
ресурс,0.941609
ресурсо,4.60517
ресурсоснабжающий,4.60517
ретейл,3.912023
ретейлер,4.60517
ретрассировать,4.60517
ретро,3.912023
ретроградный,4.60517
ретрокомпьютерщик,4.60517
ретропроводка,3.912023
ретроспектива,1.560648
ретрофутуризм,3.912023
рефакторинг,2.120264
рефакторит,4.60517
рефакторить,4.60517
референтный,4.60517
рефинансирование,4.60517
рефлекс,4.60517
рефлексировать,4.60517
рефлексия,3.912023
реформа,3.912023
рецензент,4.60517
рецензирование,4.60517
рецепт,2.302585
рецептура,4.60517
рецессия,4.60517
речь,1.021651
решать,1.021651
решаться,2.525729
решающий,3.506558
решение,0.235722
решительно,4.60517
решить,0.510826
решиться,3.912023
решётка,4.60517
риа,4.60517
риверсайда,4.60517
ридер,4.60517
рик,4.60517
рилс,2.65926
рилсова,4.60517
римский,4.60517
ринат,4.60517
рис,4.60517
риск,0.941609
риска,3.912023
рискованный,3.912023
рисковать,3.506558
рисовалка,4.60517
рисование,3.912023
рисовать,2.995732
рисоваться,4.60517
рита,4.60517
ритейл,2.813411
ритм,2.407946
ритмично,4.60517
риторика,3.218876
риторический,4.60517
ритуал,2.525729
рифмоваться,4.60517
ричард,4.60517
ричардсон,4.60517
ркн,3.912023
рмм,4.60517
рн,4.60517
роадмэп,2.813411
роберт,3.506558
робкий,3.912023
робо,4.60517
робокафе,4.60517
робопёс,3.912023
роборука,3.912023
робособака,3.912023
робот,1.560648
роботакси,3.218876
роботизация,2.813411
роботизированный,4.60517
робототехника,1.832581
робототехнический,3.912023
ровер,3.506558
ровесница,4.60517
ровно,1.89712
ровный,3.506558
рог,3.912023
рогов,4.60517
род,2.407946
родина,3.912023
родион,4.60517
родитель,3.912023
родительский,3.912023
родиться,2.040221
родный,3.218876
родословная,3.912023
родригес,4.60517
родственник,3.912023
роевой,4.60517
рождаемость,3.218876
рождаться,3.506558
рождение,2.995732
рождественский,4.60517
рождество,4.60517
рожков,4.60517
розетка,3.506558
розница,3.912023
розничный,4.60517
розовый,2.995732
розыск,4.60517
рой,3.506558
рок,3.506558
роковой,3.912023
ролик,2.407946
роль,0.916291
роман,2.407946
романский,3.912023
романтика,4.60517
романтический,3.912023
романтичный,4.60517
ромиро,4.60517
росавиакосмос,4.60517
росавиация,2.207275
росатом,3.912023
росбизнесконсалтинг,3.218876
росводоканал,4.60517
росгосстрах,4.60517
роскомнадзор,3.218876
роскошный,3.506558
роскошь,2.995732
роснефть,4.60517
росохранкультура,4.60517
роспись,4.60517
роспотребнадзор,3.506558
росс,3.912023
россельхозбанк,4.60517
россеть,4.60517
российский,0.494296
российско,4.60517
россия,0.371064
россиянин,1.89712
росскомандзорный,4.60517
росстат,3.912023
росстройинвест,4.60517
россыпь,4.60517
рост,0.84397
ростелеком,2.525729
ростов,4.60517
ростовский,4.60517
росток,4.60517
ростёха,3.912023
рот,4.60517
рота,4.60517
ротана,4.60517
ротировать,4.60517
роутер,2.813411
роутинг,4.60517
рошаль,4.60517
рощино,4.60517
рс,4.60517
рсппа,4.60517
рсть,4.60517
рсхб,4.60517
рся,4.60517
рт,3.506558
ртк,4.60517
ру,2.995732
руб,2.995732
рубеж,2.65926
рубик,4.60517
рубин,4.60517
рубио,2.302585
рубль,1.386294
рублёвка,4.60517
рублёво,4.60517
рубрика,2.995732
ругаться,4.60517
руда,4.60517
ружицкай,4.60517
рузский,4.60517
руй,4.60517
рука,0.820981
рукав,4.60517
рукастость,4.60517
руководитель,1.347074
руководить,2.040221
руководство,1.660731
руководствоваться,3.218876
рукоделие,4.60517
рукодельный,4.60517
рукоятка,3.506558
рулетка,4.60517
рулить,4.60517
руль,2.525729
румынский,4.60517
рунглиш,3.912023
рунет,2.995732
рунить,4.60517
рупия,4.60517
русагро,4.60517
русало,4.60517
русбонд,4.60517
русификация,4.60517
русифицировать,4.60517
рускриптый,4.60517
русло,3.912023
русски,3.506558
русский,1.469676
русскоязычный,2.813411
русый,3.912023
русэлпром,4.60517
рутгера,4.60517
рутина,1.660731
рутинный,2.040221
рухнуть,3.912023
ручка,2.813411
ручной,1.386294
рушить,4.60517
рушиться,3.506558
рф,1.203973
рыбалка,3.912023
рыбоводство,4.60517
рыболовство,4.60517
рывок,3.506558
рынок,0.462035
рыночный,2.65926
рэб,4.60517
рэковыя,4.60517
рябить,4.60517
ряд,1.714798
рядовой,2.995732
рядом,1.89712
рязанский,4.60517
рёв,4.60517
сабж,4.60517
саботировать,4.60517
савельев,4.60517
сад,4.60517
садиться,2.995732
садовый,4.60517
сазан,3.912023
сайда,4.60517
сайентист,3.912023
сайт,0.105361
сайтик,4.60517
сайфай,4.60517
сакура,4.60517
саланга,4.60517
салман,4.60517
сало,4.60517
салон,2.813411
салфетка,4.60517
сальман,4.60517
сам,0.210721
самарканд,4.60517
самарский,4.60517
самец,4.60517
самка,4.60517
саммаризация,4.60517
саммит,4.60517
самоаудит,4.60517
самовосстанавливаться,4.60517
самоделка,4.60517
самодельный,3.912023
самозанятой,3.912023
самозанятость,3.912023
самозанятый,4.60517
самозванец,4.60517
самоирония,3.218876
самокат,4.60517
самокатом,4.60517
самолюбование,4.60517
самолёт,2.207275
самолётик,4.60517
самолётный,4.60517
самообман,4.60517
самообогрев,4.60517
самооборона,3.912023
самообучение,3.506558
самоописываться,4.60517
самоотверженно,4.60517
самоотчёт,4.60517
самопиар,3.912023
самоподдерживающийся,4.60517
саморазвитие,4.60517
саморегулируемый,4.60517
самореферентный,4.60517
самосбываться,4.60517
самосовершенствоваться,4.60517
самосознание,4.60517
самостояетельный,4.60517
самостоятельно,1.560648
самостоятельный,3.218876
самоубийство,4.60517
самоуверенность,4.60517
самоуправление,4.60517
самоучитель,4.60517
самсунг,4.60517
самурай,4.60517
самый,0.18633
сан,4.60517
санаторий,4.60517
санджай,3.218876
санитар,4.60517
санитарный,4.60517
санкт,2.302585
санкционный,3.912023
санкция,2.407946
сансар,4.60517
сантехник,4.60517
сантиметр,4.60517
сантос,4.60517
санузел,4.60517
сапа,2.995732
сапольски,4.60517
саппорт,4.60517
сапр,4.60517
саратовский,4.60517
сарказм,4.60517
саск,4.60517
сасскинд,3.912023
сатие,2.65926
сатирический,4.60517
сатирлить,4.60517
сатирский,2.995732
сатурн,4.60517
сауд,4.60517
саудовский,3.912023
сафиб,4.60517
саха,4.60517
сахалин,4.60517
сахалинский,3.912023
сахар,3.912023
сахмп,4.60517
саша,3.506558
сб,4.60517
сбалансированный,3.912023
сбалансировать,4.60517
сбер,2.207275
сбербанк,2.995732
сбербанконлайн,4.60517
сберегательный,4.60517
сбережение,3.912023
сбернпф,4.60517
сберстрахование,4.60517
сбивать,3.912023
сбитие,4.60517
сбить,3.218876
сбой,2.207275
сбоку,4.60517
сбор,2.120264
сборка,1.832581
сборная,2.207275
сборник,4.60517
сбп,3.912023
сбрасывать,4.60517
сбрасываться,4.60517
сброс,4.60517
сбросить,3.912023
сбываться,4.60517
сбыт,3.218876
свайп,4.60517
свайпнуть,4.60517
свалка,3.218876
сварить,3.912023
сварка,3.912023
сварной,4.60517
сварщик,2.813411
сведение,2.302585
свежеть,3.506558
свежий,1.609438
свез,4.60517
свен,4.60517
свердловский,4.60517
сверить,4.60517
сверлить,3.912023
свернуть,4.60517
сверстать,4.60517
сверхактивный,3.506558
сверхглубокий,4.60517
сверхмощный,3.912023
сверхновый,4.60517
сверхпростота,4.60517
сверхскоростной,4.60517
сверху,3.506558
сверхчеловеческий,4.60517
сверхъестественный,4.60517
сверчок,4.60517
сверять,4.60517
свести,3.912023
свестись,4.60517
свет,1.89712
светило,4.60517
светильник,4.60517
светиться,4.60517
светлый,2.407946
светов,4.60517
световой,3.506558
светодиодный,4.60517
светофор,4.60517
светочувствительный,3.912023
светящийся,4.60517
свидание,4.60517
свидетель,2.995732
свидетельница,4.60517
свидетельский,4.60517
свидетельство,4.60517
свидетельствовать,3.912023
свинин,4.60517
свинцовый,4.60517
свиньин,4.60517
свистоперделка,3.506558
свитч,4.60517
свк,4.60517
свобода,2.302585
свободно,3.218876
свободный,1.560648
свод,3.912023
сводить,3.506558
сводиться,3.912023
сводка,3.506558
сводный,2.995732
своевременно,4.60517
своевременность,4.60517
своевременный,4.60517
своеобразный,3.506558
свой,0.061875
свойство,2.65926
сворачиваться,3.912023
свыше,2.525729
связанный,1.514128
связать,1.171183
связаться,3.218876
связка,2.207275
связность,3.912023
связнуть,4.60517
связный,3.506558
связывать,2.525729
связываться,4.60517
связь,0.478036
святой,4.60517
священник,4.60517
сгенерировать,2.207275
сгнить,4.60517
сгорание,4.60517
сдавать,2.407946
сдать,3.912023
сдача,3.506558
сдвг,4.60517
сдвиг,2.813411
сдвигать,4.60517
сдвинуть,4.60517
сдвинуться,3.912023
сделать,0.248461
сделка,1.966113
сдержаться,4.60517
сдерживаться,4.60517
сдэкома,4.60517
сеанс,4.60517
сеансовый,4.60517
себестоимость,3.912023
себя,1.203973
севастополь,4.60517
север,3.218876
северный,2.407946
северо,4.60517
северсталь,3.912023
сегежа,4.60517
сегмент,1.469676
сегментация,3.506558
сегодня,0.446287
сегодняшний,2.040221
седун,4.60517
седьмой,3.218876
сезам,3.912023
сезон,3.506558
сезонный,4.60517
сей,1.203973
сейнт,4.60517
сейчас,4.60517
секрет,2.040221
секретарь,3.912023
секретный,3.218876
секс,3.218876
сексуализировать,4.60517
сексуальный,3.506558
сектименко,3.218876
сектор,1.832581
секторный,4.60517
секунда,1.771957
секция,3.506558
селезнёв,3.506558
селиверстов,4.60517
селигдар,4.60517
село,3.912023
сельский,2.813411
сельхоз,4.60517
семантика,2.525729
семантический,2.995732
семейный,3.912023
семейство,2.65926
семенищев,4.60517
семинар,4.60517
семнадцать,3.218876
семь,2.207275
семья,2.302585
сен,3.912023
сенат,4.60517
сенатор,3.506558
сено,3.912023
сенсор,3.218876
сенсорный,3.506558
сентябрь,2.525729
сентябрьский,4.60517
сеньер,4.60517
сеньеры,4.60517
сеньор,3.218876
сервачок,4.60517
сервер,1.049822
серверный,1.386294
сервис,0.478036
сервисный,2.65926
сергачёв,4.60517
сергей,1.832581
сергиев,4.60517
сердечник,4.60517
сердечный,4.60517
сердце,3.218876
серебристый,4.60517
серебряный,2.813411
середина,2.65926
сериал,3.506558
сериализация,4.60517
серийный,2.525729
серия,1.171183
серо,4.60517
серотонин,4.60517
серпухов,4.60517
сертификат,2.65926
сертификационный,4.60517
сертификация,3.506558
сертифицированный,3.912023
сертифицировать,3.912023
серый,1.89712
серьёзно,2.813411
серьёзный,1.660731
сессия,1.660731
сестра,4.60517
сестринский,4.60517
сесть,2.120264
сет,4.60517
сетапа,3.506558
сетевика,3.912023
сетевой,1.07881
сетка,2.995732
сеть,0.84397
сечение,3.912023
сжатие,3.506558
сжато,4.60517
сжатый,2.813411
сжечь,4.60517
сжигание,4.60517
сжимать,2.995732
сжиматься,4.60517
сибиац,4.60517
сибинтечь,4.60517
сибирский,4.60517
сибирь,3.218876
сибстечь,4.60517
сибур,3.912023
сивимарт,4.60517
сигнал,2.407946
сигнализировать,4.60517
сигнатура,4.60517
сидение,4.60517
сидеть,1.660731
сидиус,4.60517
сидх,4.60517
сие,3.506558
сизый,4.60517
сикорский,4.60517
сила,0.967584
силиконовый,4.60517
силовой,4.60517
сильно,1.560648
сильнодействующий,4.60517
сильный,1.237874
символ,2.302585
символизировать,4.60517
символически,3.912023
символичный,4.60517
символьный,4.60517
симмонс,3.912023
симптом,3.218876
симулировать,3.912023
симулятор,3.912023
симуляция,2.995732
синапс,4.60517
сингапур,4.60517
синдром,3.506558
синергия,4.60517
синий,3.506558
синк,4.60517
синоним,2.995732
синопсис,4.60517
синтаксис,2.525729
синтез,3.218876
синтезатор,4.60517
синтезировать,4.60517
синтетик,4.60517
синтетический,4.60517
синхронизация,3.506558
синхронизировать,3.912023
синхронизироваться,3.912023
синхронный,3.506558
синь,4.60517
синьор,4.60517
синявский,4.60517
сисадмин,3.912023
сисадминский,4.60517
сисдизайн,4.60517
система,0.18633
систематизация,3.912023
систематизировать,3.912023
систематический,3.912023
системно,3.218876
системный,1.07881
сити,3.912023
ситуация,0.446287
сишный,4.60517
сиять,4.60517
ск,3.912023
ска,2.302585
скажем,2.995732
сказ,3.912023
сказать,1.049822
сказка,3.912023
сказываться,4.60517
скайнуть,4.60517
скалига,4.60517
скам,4.60517
скама,3.912023
скамья,3.506558
скан,2.813411
скандал,3.506558
скандальный,4.60517
сканер,3.218876
сканирование,3.506558
сканировать,3.912023
скармливать,3.912023
скатиться,4.60517
скатываться,3.506558
скачать,2.813411
скачивание,3.506558
скачивать,3.218876
скачиваться,3.912023
скачок,3.506558
скважина,4.60517
сквозной,4.60517
сквозь,3.506558
скейтборд,4.60517
скелет,4.60517
скепсис,3.506558
скептик,3.218876
скетч,4.60517
скзазл,4.60517
скидка,1.514128
скидывать,2.65926
скил,4.60517
скилла,2.995732
скиллами,4.60517
скиллс,4.60517
скин,4.60517
скинуть,4.60517
скинуться,4.60517
склад,3.506558
складской,3.912023
складываться,2.120264
склепать,4.60517
склон,3.912023
склонение,4.60517
склонить,4.60517
склонность,4.60517
склонный,3.218876
склоняться,3.506558
скобка,3.912023
сколково,4.60517
скользящий,4.60517
сколько,1.347074
скомпилировать,4.60517
скомпрометировать,4.60517
сконструировать,4.60517
скончаться,3.912023
скопировать,0.597837
скопиться,4.60517
скорее,1.272966
скоринг,3.912023
скоринговый,4.60517
скормить,3.506558
скоро,2.407946
скоропортящийся,4.60517
скоростной,4.60517
скорость,1.237874
скорректировать,2.65926
скорый,2.813411
скот,4.60517
скотт,3.506558
скр,4.60517
скрам,4.60517
скрашивать,4.60517
скребок,4.60517
скрежет,4.60517
скрейпить,4.60517
скреп,4.60517
скрепной,4.60517
скрестить,4.60517
скридструп,4.60517
скрининг,4.60517
скриншот,2.407946
скрипт,1.89712
скриптовый,4.60517
скролл,3.912023
скромно,4.60517
скромный,3.912023
скрывать,3.912023
скрываться,2.120264
скрытно,4.60517
скрытный,4.60517
скрытый,2.207275
скрыть,4.60517
скудный,3.506558
скупать,3.912023
скутер,4.60517
скучно,3.912023
скучный,2.040221
слабак,3.912023
слабо,3.912023
слабовидящий,4.60517
слабость,3.218876
слабый,1.514128
слава,3.912023
славнефть,4.60517
славо,4.60517
славянский,4.60517
слаженность,4.60517
слайд,2.407946
слайдшоу,4.60517
сланцевый,3.912023
слать,3.506558
слева,4.60517
слегка,3.218876
след,2.65926
следить,1.514128
следовательно,3.912023
следовать,1.714798
следственный,3.218876
следственню,4.60517
следствие,2.525729
следующий,0.84397
слежка,3.912023
слеза,4.60517
сленг,3.912023
слепить,4.60517
слепо,3.912023
слепой,3.912023
слесарный,4.60517
слесарь,4.60517
сливать,3.912023
сливаться,4.60517
слить,4.60517
слиться,4.60517
слишком,1.139434
слобода,3.506558
словарный,3.912023
словарь,3.218876
словения,3.912023
словенский,4.60517
словеса,4.60517
слово,0.916291
словосочетание,2.995732
слоган,4.60517
сложить,3.506558
сложиться,2.207275
сложно,1.560648
сложность,0.301105
сложный,0.301105
слоить,4.60517
слой,1.714798
сломать,2.995732
сломаться,3.218876
слот,4.60517
слуга,3.912023
служащий,4.60517
служба,1.272966
служебный,2.525729
служить,2.65926
слух,2.302585
слуховой,3.912023
случай,0.653926
случайно,3.218876
случайный,2.207275
случаться,3.506558
случиться,1.966113
слушайте,4.60517
слушание,4.60517
слушать,3.218876
слыхать,4.60517
слышать,1.832581
смазка,4.60517
смарт,4.60517
смартфон,1.469676
смартфонный,4.60517
сматчить,4.60517
смахнуть,4.60517
смежный,2.65926
смело,3.912023
смелость,3.912023
смелый,3.912023
смена,1.660731
сменить,3.912023
смениться,3.912023
сменяться,3.912023
смериться,4.60517
смертельно,4.60517
смертельный,4.60517
смертность,3.506558
смертный,3.912023
смерть,1.832581
смеситель,4.60517
сместиться,3.912023
смесь,3.912023
сметнёв,4.60517
сметь,4.60517
смех,3.912023
смехотворный,4.60517
смешанный,3.912023
смешать,4.60517
смешение,3.912023
смешной,4.60517
смещать,3.912023
смеяться,4.60517
сми,2.65926
смириться,3.506558
смирнов,3.912023
смитюк,4.60517
смоделировать,4.60517
смола,3.506558
смоленский,3.912023
смолоду,4.60517
смонтировать,4.60517
смотреть,0.84397
смотреться,4.60517
смотреь,4.60517
смочь,0.820981
смс,4.60517
смущать,4.60517
смысл,0.994252
смысловой,4.60517
смыслообразовать,4.60517
смягчаться,4.60517
смягчение,3.218876
сн,4.60517
снабжение,4.60517
снаружи,4.60517
снаряд,4.60517
сначала,0.462035
снг,4.60517
снег,4.60517
снегопад,4.60517
снежный,4.60517
снек,4.60517
снести,3.912023
снижать,2.207275
снижаться,2.995732
снижение,2.040221
снизить,1.832581
снизиться,2.995732
снизу,4.60517
снилс,4.60517
снимать,3.912023
снимка,3.506558
снимок,3.506558
снова,1.560648
сноска,4.60517
снс,4.60517
снэпшота,3.912023
снятие,2.813411
снятой,3.506558
снять,2.995732
соавтор,2.995732
соб,4.60517
собака,3.506558
собаководство,4.60517
собачка,4.60517
собеседник,2.813411
собеседование,1.966113
собесить,4.60517
собирать,1.139434
собираться,1.560648
соблазн,4.60517
соблазнение,4.60517
соблазниться,4.60517
соблюдать,2.65926
соблюдаться,3.912023
соблюдение,2.407946
соблюсти,3.912023
соболь,4.60517
соболька,4.60517
собрание,4.60517
собранный,3.218876
собрат,3.912023
собрать,0.478036
собраться,2.813411
соброкер,4.60517
собственник,2.995732
собственно,2.120264
собственноручно,3.912023
собственноручный,4.60517
собственность,2.120264
собственный,0.510826
событие,0.967584
событийный,3.912023
собянин,4.60517
совбез,4.60517
совершать,2.302585
совершение,2.995732
совершенно,1.514128
совершенный,2.525729
совершенство,4.60517
совершенствование,3.506558
совершенствовать,4.60517
совершенствоваться,4.60517
совершить,2.813411
совесть,3.506558
совет,1.139434
советник,3.506558
советовать,3.506558
советский,2.813411
совещание,4.60517
совкомбанк,3.912023
совладать,4.60517
совладелец,3.912023
совместимость,3.506558
совместимый,2.525729
совместно,2.65926
совместный,2.040221
совмещать,3.912023
совокупность,3.506558
совокупный,3.506558
совпадать,3.912023
совпадение,3.506558
совпасть,3.218876
современно,4.60517
современность,3.912023
современный,0.733969
согласие,2.995732
согласиться,2.525729
согласно,2.040221
согласный,2.040221
согласование,2.995732
согласованно,4.60517
согласованность,4.60517
согласовать,3.506558
согласоваться,4.60517
согласовываться,4.60517
соглашаться,2.302585
соглашение,0.162519
согнутый,4.60517
согревать,4.60517
содействовать,4.60517
содержание,1.714798
содержательный,4.60517
содержать,1.966113
содержаться,2.525729
содержимое,2.525729
соевый,4.60517
соединение,2.995732
соединить,2.65926
соединять,2.813411
сожаление,2.207275
созвездие,4.60517
созвон,2.995732
создавать,0.544727
создаваться,1.660731
создание,0.941609
создатель,2.207275
создать,0.579818
сознание,3.506558
сознательно,3.506558
сознательный,4.60517
соинвестирование,4.60517
соинвестор,4.60517
соискатель,3.218876
соисполнитель,3.912023
сойти,2.813411
сок,4.60517
сокет,3.506558
соковыжималка,4.60517
соколов,4.60517
сократик,4.60517
сократить,1.07881
сократиться,3.506558
сокращать,2.407946
сокращаться,4.60517
сокращение,2.302585
сокровище,4.60517
сокрытие,3.912023
сокурсник,4.60517
солара,2.995732
солдат,3.912023
солдатенков,4.60517
солидный,3.912023
солнечногорский,4.60517
солнечный,2.995732
солнце,2.995732
соло,3.506558
соловей,4.60517
соломка,4.60517
солюшнс,4.60517
солянка,4.60517
сомелье,4.60517
сомневаться,2.995732
сомнение,3.506558
сомнительный,2.65926
сон,2.65926
сонный,3.912023
соображение,3.912023
сообразительный,3.506558
сообщать,2.407946
сообщаться,3.218876
сообщение,0.776529
сообщество,1.237874
сообщить,1.660731
сообщник,4.60517
сообщница,4.60517
сооружение,3.912023
сооснователь,2.995732
соотвествовать,4.60517
соответственно,2.302585
соответствие,1.560648
соответствовать,1.386294
соответствующий,2.207275
соотвтетсвенный,4.60517
соотношение,3.218876
сопереживать,4.60517
сопоставимый,4.60517
сопоставить,3.912023
сопоставление,3.218876
сопоставлять,4.60517
сопредельный,4.60517
сопровождать,3.218876
сопровождаться,3.218876
сопровождение,2.407946
сопротивление,3.218876
сопряжение,4.60517
сопрячь,3.912023
сопутствовать,3.912023
соразмерно,4.60517
соревнование,3.912023
соркина,4.60517
сорок,3.912023
сорс,4.60517
сортировка,4.60517
сосед,3.506558
соседний,2.813411
соседский,4.60517
сослуживец,4.60517
сосновый,4.60517
сосредотачиваться,4.60517
сосредоточение,3.912023
сосредоточить,3.506558
сосредоточиться,3.218876
состав,1.832581
составить,1.771957
составление,4.60517
составлять,2.120264
состояние,0.916291
состоятельный,4.60517
состоять,1.89712
состояться,2.995732
сосуществовать,3.912023
сотворить,3.912023
сотка,4.60517
соткать,4.60517
сотня,1.514128
сотовый,4.60517
сотрудник,1.203973
сотрудничать,3.506558
сотрудничество,2.65926
сотый,4.60517
соус,4.60517
соучастие,4.60517
соучастник,3.912023
софинансирование,3.912023
софинансировать,4.60517
софрон,4.60517
софт,1.309333
софтверный,4.60517
сохранение,2.120264
сохранить,1.771957
сохраниться,3.218876
сохранность,2.995732
сохранный,4.60517
сохранять,1.966113
сохраняться,2.302585
социализм,4.60517
социально,3.912023
социальный,1.309333
социология,3.506558
социональный,4.60517
социум,4.60517
соцпакет,4.60517
соцполитик,4.60517
соцсеть,2.207275
соцфонд,3.912023
сочетание,2.525729
сочетать,2.995732
сочетаться,3.506558
сочи,4.60517
сочинение,4.60517
сочинять,4.60517
сочный,3.912023
союз,2.995732
союзник,4.60517
спа,4.60517
спагетти,4.60517
спад,3.506558
спай,4.60517
спальник,4.60517
спам,2.995732
спао,4.60517
спасатель,4.60517
спасательный,4.60517
спасать,3.506558
спасение,3.506558
спасибо,2.525729
спаситель,4.60517
спасти,2.207275
спать,2.302585
спб,3.912023
спвб,4.60517
спейся,4.60517
спектакль,4.60517
спектр,2.302585
спектральный,4.60517
спекулировать,4.60517
спекулятивный,4.60517
спекуляция,4.60517
спереди,4.60517
спец,3.912023
специализация,4.60517
специализированный,2.813411
специализировать,2.525729
специализироваться,2.995732
специалист,0.820981
специально,3.218876
специальность,2.995732
специальный,1.771957
специфика,2.813411
спецификация,3.218876
специфический,3.218876
специфичный,4.60517
спецодежда,4.60517
спецоперация,4.60517
спецпоказ,4.60517
спецпроект,2.995732
спецсигнал,4.60517
спецслужба,4.60517
спецтехник,4.60517
спецэффект,4.60517
спешить,3.218876
спешка,4.60517
спикер,2.995732
спина,3.218876
спинной,4.60517
спираль,4.60517
спиральный,4.60517
спиритизм,4.60517
списание,3.912023
списать,2.995732
список,0.510826
списочный,4.60517
спичка,4.60517
спланировать,3.912023
сплат,4.60517
сплошной,3.506558
сплошь,4.60517
сподвижник,4.60517
спойлер,2.207275
спойлерить,4.60517
спокойно,2.813411
спокойный,2.525729
сползание,4.60517
спонсор,4.60517
спор,2.040221
спорить,2.040221
спорный,3.506558
спорт,2.207275
спортивный,2.65926
спортсмен,4.60517
способ,0.71335
способность,2.302585
способный,1.237874
способствовать,2.995732
спот,4.60517
спотыкаться,2.813411
справедливо,3.912023
справедливость,3.218876
справедливый,3.506558
справиться,1.714798
справка,3.506558
справляться,1.832581
справочник,3.912023
справочный,3.218876
спрашивать,2.407946
спринт,3.506558
спровоцировать,4.60517
спрогнозировать,3.506558
спроектировать,2.995732
спрос,1.272966
спросить,2.407946
спрятать,3.218876
спрятаться,3.912023
спуд,4.60517
спуск,4.60517
спускаться,4.60517
спустя,1.89712
спутник,3.506558
спутниковый,3.218876
срабатывание,3.912023
сработать,2.813411
сравнение,1.139434
сравнивать,2.120264
сравнимый,3.218876
сравнительно,3.506558
сравнительный,2.302585
сравнить,2.65926
сравняться,4.60517
сражение,4.60517
сразу,0.84397
среда,1.272966
среди,1.309333
среднее,2.302585
среднемировой,4.60517
среднесписочный,4.60517
среднестатистический,4.60517
среднетоннажный,4.60517
средний,0.430783
средство,0.891598
срежиссировать,4.60517
срез,3.218876
срок,1.021651
срочно,3.506558
срочный,3.218876
срыв,3.912023
срывать,3.912023
срываться,4.60517
ссср,3.912023
ссутулиться,4.60517
ссылаться,2.995732
ссылка,0.356675
ссылочный,3.912023
ст,2.995732
стабилизация,3.506558
стабилизировать,4.60517
стабилизироваться,3.912023
стабильно,2.207275
стабильность,1.89712
стабильный,1.89712
ставить,1.171183
ставка,1.966113
ставропольский,4.60517
стагнация,3.912023
стагнировать,4.60517
стади,4.60517
стадия,2.525729
стаж,3.506558
стажировка,3.912023
стажёр,3.912023
стайный,4.60517
сталкиваться,1.427116
сталь,3.506558
стальной,3.912023
стандарт,1.386294
стандартизировать,3.506558
стандартно,3.912023
стандартный,1.514128
станислав,4.60517
становиться,0.544727
становление,4.60517
станок,2.813411
станция,2.407946
старательский,4.60517
стараться,1.771957
стареть,4.60517
старинка,4.60517
старинный,4.60517
старичок,4.60517
старкрафт,4.60517
старое,1.89712
старпёр,4.60517
старпёрский,4.60517
старт,2.207275
стартап,0.223144
стартапер,3.506558
стартовать,2.995732
стартовый,2.995732
стартрек,4.60517
старший,2.302585
старый,1.139434
статика,3.912023
статистика,1.560648
статистический,3.506558
статический,2.813411
статичный,3.912023
статус,1.966113
статусный,4.60517
стать,0.174353
статья,0.105361
стахановец,4.60517
стационарный,3.912023
стая,4.60517
стейт,3.912023
стек,1.560648
стекло,3.218876
стеклянный,3.506558
стековый,4.60517
стелс,4.60517
стена,2.302585
стенд,2.65926
стендап,4.60517
стенограмма,3.912023
степан,4.60517
степень,1.89712
степной,4.60517
степь,4.60517
стереотип,3.506558
стероид,3.912023
стесняться,4.60517
стечь,3.218876
стивен,3.912023
стилевой,4.60517
стилизация,4.60517
стилистика,2.813411
стилус,4.60517
стиль,1.660731
стильный,3.912023
стим,4.60517
стимул,3.912023
стимулирование,2.995732
стипендия,3.506558
стиральный,4.60517
стирание,4.60517
стирать,3.506558
стихийный,4.60517
сто,2.040221
стог,3.912023
стоимость,1.609438
стоить,0.693147
стоицизм,4.60517
стойка,2.813411
стойкий,4.60517
стойкость,4.60517
стокгольмский,4.60517
стокилограммовый,4.60517
стол,1.89712
столбец,4.60517
столетие,4.60517
столица,3.506558
столичный,3.218876
столкновение,3.912023
столкнуться,1.203973
столь,3.506558
столько,1.714798
стоматология,3.912023
стон,4.60517
стонать,4.60517
стоп,3.506558
стопа,4.60517
сторона,0.494296
сторонний,2.207275
сторонник,3.218876
стохастический,3.506558
сточный,3.912023
стоянка,4.60517
стоять,1.427116
стоячий,4.60517
стоящий,2.207275
стр,3.218876
стравить,4.60517
страдать,3.506558
страж,4.60517
страйп,4.60517
страна,1.237874
страница,1.049822
страничный,4.60517
странно,2.207275
странность,4.60517
странный,2.040221
страстный,4.60517
страсть,4.60517
стратег,3.912023
стратегически,2.995732
стратегический,2.813411
стратегия,1.309333
стратокастер,3.912023
страх,1.714798
страхование,2.525729
страховка,2.995732
страховой,3.912023
страшно,3.218876
страшный,3.218876
стрелка,4.60517
стрельба,4.60517
стрелять,4.60517
стремительно,3.912023
стремительный,3.506558
стремиться,2.120264
стремление,3.218876
стремянка,4.60517
стресс,1.771957
стрессовый,4.60517
стригино,4.60517
стрим,3.218876
стриминг,3.506558
стриминговый,4.60517
стрит,4.60517
строгий,2.120264
строго,2.207275
строгость,4.60517
строитель,3.912023
строительный,3.218876
строительство,2.407946
строить,1.108663
строиться,1.832581
строй,2.65926
стройка,3.218876
стройматериал,4.60517
стройный,3.912023
строка,1.139434
строчить,4.60517
строчка,2.525729
стружка,4.60517
структура,0.967584
структуризация,4.60517
структурировать,2.207275
структурный,2.207275
струя,3.912023
стряхнуть,4.60517
стубба,4.60517
студент,1.89712
студенческий,2.995732
студийный,3.912023
студия,2.407946
стул,3.506558
ступень,3.506558
ступенька,3.912023
ступино,4.60517
ступинский,4.60517
стучать,4.60517
стучаться,3.218876
стыдно,2.995732
стык,2.525729
стыковка,4.60517
стыковой,2.302585
стэнфорд,4.60517
стэнфордский,4.60517
стягиваться,4.60517
стёпин,4.60517
су,4.60517
суббота,3.912023
субботний,4.60517
субд,3.912023
сублицензирование,4.60517
суборбитальный,4.60517
субподряд,4.60517
субподрядчик,4.60517
субсидиарно,4.60517
субсидиарный,4.60517
субсидировать,3.912023
субсидироваться,4.60517
субсидия,3.912023
субстанция,3.506558
субстрат,4.60517
субъект,2.120264
субъективно,4.60517
субъективный,3.506558
субъекттивный,4.60517
субэпидермальный,4.60517
суверенитет,2.813411
суверенный,4.60517
сугубо,3.218876
суд,2.207275
судебный,3.218876
судить,2.207275
судиться,4.60517
судмедэкспертиза,4.60517
судно,3.912023
судный,4.60517
судовой,4.60517
судопроизводство,4.60517
судорожно,4.60517
судостроение,3.912023
судьба,2.813411
судья,3.912023
сужаться,2.65926
суждено,4.60517
сузить,4.60517
сукук,4.60517
сума,4.60517
сумасшедший,3.912023
суметь,3.218876
сумка,3.912023
сумма,2.040221
суммаризация,4.60517
суммаризировать,4.60517
суммарно,3.912023
суммарный,4.60517
сумский,4.60517
сунгиря,4.60517
суокас,4.60517
супер,3.912023
супергерой,4.60517
суперджет,4.60517
суперзвезда,4.60517
суперкомитет,4.60517
суперкомпьютер,4.60517
супермаркет,4.60517
суперстрат,4.60517
сурен,4.60517
суровый,2.65926
сусальный,4.60517
сустав,4.60517
сутки,1.203973
суть,1.560648
сухарев,4.60517
сухарь,4.60517
сухой,2.302585
сухопутный,4.60517
сухотин,4.60517
сушка,4.60517
существенно,2.120264
существенный,2.525729
существо,3.506558
существование,2.407946
существовать,1.021651
существующий,1.832581
сущность,1.966113
сфера,1.139434
сфн,4.60517
сфокусироваться,4.60517
сформировать,1.714798
сформироваться,2.407946
сформулировать,2.813411
сфотографировать,4.60517
сфр,4.60517
схд,3.218876
схема,1.386294
схемотехник,3.506558
схлопнуть,4.60517
схлопнуться,3.912023
схлопывание,4.60517
сходимость,4.60517
сходить,3.506558
сходиться,3.506558
сходный,4.60517
схождение,4.60517
схожий,3.506558
сцена,2.302585
сценарий,1.07881
сценарный,3.912023
сцепка,4.60517
сцепление,4.60517
счастие,3.218876
счастливчик,4.60517
счастливый,3.912023
счесть,3.912023
считалище,4.60517
считаный,4.60517
считать,0.967584
считаться,1.660731
считывать,4.60517
счёт,1.171183
счётчик,3.218876
счёты,4.60517
сша,1.469676
съедать,3.912023
съедобный,4.60517
съезд,4.60517
съездить,4.60517
съесть,3.506558
съёмка,4.60517
сыграть,3.218876
сын,2.120264
сыпаться,4.60517
сыпь,4.60517
сыр,3.912023
сырковый,4.60517
сырой,2.302585
сырьё,3.912023
сытый,3.506558
сэкономить,2.120264
сэм,3.218876
сэнг,4.60517
сюда,0.597837
сюжет,1.714798
сюжетный,4.60517
сюй,4.60517
сюняева,4.60517
сюрприз,3.912023
сюрреализм,4.60517
сёрфинг,4.60517
табак,4.60517
табачный,3.912023
таблетка,3.218876
таблица,1.427116
табу,4.60517
тагил,4.60517
таджикистан,3.912023
таджикский,4.60517
таисия,4.60517
тайком,4.60517
тайловыя,4.60517
таймаут,4.60517
таймер,2.813411
таймкод,4.60517
таймлайна,4.60517
таймлимит,4.60517
таймтрекер,4.60517
тайна,3.912023
тайный,4.60517
тайский,4.60517
тайтлов,4.60517
так,1.203973
такер,4.60517
также,0.287682
таки,2.040221
таков,2.995732
таковой,2.995732
такой,0.094311
такси,3.912023
такт,4.60517
тактика,3.912023
тактико,4.60517
тактический,4.60517
талантливый,3.912023
талдом,4.60517
талия,4.60517
таллин,4.60517
талмуд,4.60517
тамбовский,4.60517
таможенный,4.60517
тандем,4.60517
танец,3.912023
таниям,4.60517
танк,4.60517
танцевальный,4.60517
танцевать,3.912023
танцполый,4.60517
тапнуть,4.60517
таргет,4.60517
таргетинг,4.60517
таргетировать,3.912023
тариф,2.525729
тарифный,3.218876
тартар,4.60517
таск,3.912023
таска,4.60517
таскай,4.60517
таскать,4.60517
таскборд,4.60517
тасоваться,4.60517
тасс,3.506558
татарстан,2.120264
татнефть,4.60517
татьяна,3.912023
таунхаус,4.60517
таунхолл,4.60517
тащить,2.302585
тб,4.60517
тбитый,4.60517
тв,2.995732
твердотельный,4.60517
твердотопливный,4.60517
тверская,4.60517
тверской,4.60517
твитит,4.60517
твиттер,3.506558
твой,2.120264
творец,2.813411
творить,4.60517
творчески,4.60517
творческий,2.813411
творчество,2.995732
твэрк,4.60517
твёрдый,3.506558
тг,2.813411
тгк,4.60517
тд,4.60517
театр,4.60517
театральный,3.912023
тег,1.021651
тезис,2.207275
тейлор,3.912023
текст,0.798508
текстиль,4.60517
текстильный,4.60517
текстовый,1.660731
текстура,3.912023
текущий,1.108663
телевидение,4.60517
телевизионный,3.912023
телевизор,3.912023
телега,3.912023
телеграм,1.966113
телеграмма,3.506558
телек,3.218876
телеканал,3.218876
телеком,3.912023
телекоммуникационный,3.218876
телекоммуникация,3.506558
телемастер,4.60517
телемедицина,4.60517
телеметрия,4.60517
телепорт,4.60517
телепроизводство,4.60517
телескоп,3.912023
телефон,1.386294
телефонный,1.832581
тело,2.302585
тема,0.693147
тематика,2.525729
тематический,3.912023
темно,4.60517
темп,2.407946
температура,2.525729
тенденция,2.995732
тендер,4.60517
тензор,3.912023
тень,2.995732
теология,4.60517
теоретически,3.218876
теоретический,2.207275
теория,1.347074
теплица,3.218876
тепло,3.912023
тепловизионный,4.60517
тепловой,4.60517
теплокровность,4.60517
теплокровный,4.60517
теплота,4.60517
терабайт,3.912023
терабит,4.60517
теракт,4.60517
терапевт,4.60517
терафлопс,4.60517
тереть,3.218876
терех,4.60517
термин,1.660731
терминал,1.514128
терминология,2.120264
термодинамика,4.60517
терпение,3.506558
терпеть,3.218876
терпимо,3.218876
терпимость,4.60517
терраса,4.60517
территориальный,4.60517
территория,1.609438
терроризм,4.60517
террористический,3.506558
терять,1.89712
теряться,2.207275
тесло,4.60517
теслый,4.60517
тесно,3.912023
тесный,3.506558
тест,0.916291
тестирование,1.386294
тестировать,1.714798
тестироваться,3.912023
тестировщик,2.813411
тестовый,2.207275
тестопс,2.995732
техдиректор,4.60517
техдокументация,4.60517
техкомпания,4.60517
техлидом,3.912023
технарский,4.60517
технарь,3.218876
техник,4.60517
техника,1.771957
технически,2.65926
технический,0.139262
техно,3.912023
технолог,3.912023
технологический,1.469676
технологичный,3.912023
технология,0.356675
техномиллиардер,4.60517
технониколь,3.912023
технопарк,4.60517
технополис,4.60517
технотекст,4.60517
технофашист,4.60517
техобслуживание,4.60517
техонбординг,4.60517
техпиар,4.60517
техписаталь,4.60517
техписатель,4.60517
техподдержка,3.912023
техпроцесс,4.60517
течение,1.966113
тз,2.813411
тик,4.60517
тикета,2.813411
тикток,4.60517
тиль,4.60517
тим,2.525729
тимбилдинг,4.60517
тимлида,2.65926
тимлидом,4.60517
тимлидство,4.60517
тимоти,4.60517
тимофей,4.60517
тимур,4.60517
тип,0.798508
типизация,4.60517
типизировать,3.912023
типичный,1.966113
типобезопасный,4.60517
типовой,2.407946
типографика,4.60517
типографический,4.60517
типография,3.506558
типографский,4.60517
тир,4.60517
тираж,4.60517
тире,4.60517
тиски,4.60517
титр,4.60517
титул,3.912023
тихий,2.040221
тихо,2.995732
тихоокеанский,4.60517
тихоходка,4.60517
тишина,3.506558
ткань,3.912023
ткач,4.60517
ткнуть,4.60517
тма,4.60517
тмк,4.60517
тобольск,4.60517
товар,1.832581
товарищ,3.506558
товарный,2.302585
товарооборот,4.60517
тогдашний,4.60517
тойота,4.60517
ток,3.912023
токарный,3.506558
токарь,3.912023
токен,1.714798
токенизация,4.60517
токио,4.60517
токсичный,3.506558
толк,3.218876
толкать,4.60517
толкаться,4.60517
толкование,3.912023
толковаться,3.912023
толковый,3.912023
толком,2.995732
толмачёв,4.60517
толпа,4.60517
толстой,3.218876
толстый,4.60517
толщина,3.912023
том,4.60517
томас,4.60517
томский,4.60517
тон,2.995732
тонкий,2.525729
тонкость,4.60517
тонна,2.302585
тонус,4.60517
тонуть,2.995732
топ,1.427116
топика,4.60517
топить,3.912023
топливо,2.995732
топливомер,4.60517
топовый,2.120264
топографический,4.60517
топознак,4.60517
топология,3.912023
топоплан,4.60517
топор,3.506558
тор,4.60517
торг,3.912023
торговать,4.60517
торговец,4.60517
торговля,2.407946
торговый,2.995732
торжественно,2.813411
торжественный,3.912023
торможение,4.60517
тормоз,3.218876
тормозить,2.302585
тороидальный,4.60517
торопиться,3.506558
торп,4.60517
торт,4.60517
тоса,4.60517
тосова,4.60517
тост,4.60517
тот,0.162519
тотально,3.912023
тотальный,2.407946
точень,4.60517
точечный,3.218876
точило,4.60517
точить,4.60517
точка,0.891598
точнее,1.832581
точно,1.386294
точность,1.771957
точный,1.832581
тошнота,4.60517
тп,3.506558
траблшутинг,4.60517
трава,3.912023
травма,3.912023
трагедия,4.60517
традиционно,3.912023
традиционный,2.813411
традиция,3.912023
траектория,3.912023
трактоваться,4.60517
трактовка,4.60517
трамвай,4.60517
трамп,1.771957
транзакция,3.912023
транзистор,4.60517
трансатлантический,4.60517
трансбалта,4.60517
трансграничный,3.912023
транскодинга,4.60517
трансконтейнер,4.60517
транскрибации,4.60517
транскрибировать,4.60517
транслировать,2.813411
трансляция,3.506558
транснефть,4.60517
транспорт,1.309333
транспортировка,3.912023
транспортный,2.525729
трансферт,4.60517
трансформатор,4.60517
трансформаторный,4.60517
трансформация,2.813411
трансформер,3.218876
трансформера,2.302585
трансформировать,4.60517
трансформироваться,3.912023
траско,4.60517
трасса,3.506558
трассировка,3.218876
тратить,1.771957
тратиться,2.995732
трафик,1.771957
траффик,4.60517
трахнуть,4.60517
трдда,4.60517
требование,1.171183
требовательный,4.60517
требовать,0.733969
требоваться,1.714798
тревога,2.813411
тревожиться,3.506558
тревожность,2.995732
тревожный,3.218876
тред,2.995732
треддамп,4.60517
тредс,4.60517
трезво,3.506558
трезвый,4.60517
трейдер,4.60517
трейдинг,3.506558
трейлер,4.60517
трек,2.995732
трекер,2.65926
трекинг,4.60517
тренажёр,4.60517
тренд,1.714798
тренер,4.60517
трение,3.912023
тренинг,3.912023
тренировать,3.912023
тренироваться,4.60517
тренировка,3.912023
тренировочный,3.912023
треск,3.912023
третий,1.108663
треть,3.912023
третьяковский,4.60517
трехуровневый,4.60517
трещать,4.60517
три,1.386294
триада,4.60517
тривиум,4.60517
триггер,3.912023
триггерит,4.60517
триггерный,4.60517
тридцать,3.912023
трижды,4.60517
триллер,4.60517
триллион,3.218876
тринадцатый,4.60517
триод,4.60517
триста,4.60517
триумф,4.60517
триумфальный,4.60517
триумфатор,4.60517
трлн,3.912023
трогать,2.525729
трогаться,3.912023
трое,3.912023
троица,4.60517
троицкий,4.60517
тройка,2.995732
тролль,3.912023
троп,3.506558
тропический,4.60517
труба,3.912023
трубка,4.60517
трубопровод,3.506558
трубопроводный,3.912023
трубочка,4.60517
труд,1.309333
трудинспекция,4.60517
трудно,2.525729
трудность,2.407946
трудный,4.60517
трудовой,2.813411
трудоголизм,4.60517
трудозатратный,4.60517
трудоустроить,3.912023
трудоустроиться,2.995732
трудоустройство,2.407946
трудоёмкость,4.60517
трудящийся,4.60517
трус,3.912023
труха,4.60517
трюк,3.218876
трёхдневный,4.60517
трёхмерный,3.912023
трёхчасовой,4.60517
тсн,4.60517
тсп,4.60517
тсс,4.60517
туалет,4.60517
тугоухость,3.912023
туда,0.562119
тулза,4.60517
тулзами,4.60517
тултип,3.912023
тульский,3.506558
туман,3.912023
туношный,4.60517
тупик,3.218876
тупить,4.60517
тупичкина,4.60517
тупо,4.60517
тупой,2.995732
тупость,4.60517
тур,3.912023
турбийон,4.60517
турбовентиляторный,4.60517
турбулентный,4.60517
тургор,4.60517
туризм,2.995732
турист,3.506558
туристический,3.912023
туристский,4.60517
туркать,4.60517
турция,4.60517
тусовка,2.995732
туториал,0.867501
тушить,4.60517
тушёнка,4.60517
тщательно,2.995732
ты,2.207275
тыва,4.60517
тыжпрограммист,4.60517
тык,3.912023
тыкать,2.813411
тыкаться,4.60517
тыква,3.912023
тыл,4.60517
тыс,2.407946
тысяча,1.272966
тысячная,3.506558
тых,4.60517
тьма,3.912023
тэк,4.60517
тэц,4.60517
тюменский,3.506558
тюмень,4.60517
тюнинг,4.60517
тюнинговать,4.60517
тюрин,4.60517
тюрьма,2.207275
тяга,3.912023
тяготение,4.60517
тяготеть,4.60517
тяжело,2.407946
тяжеловес,4.60517
тяжесть,4.60517
тяжкий,4.60517
тяжёлый,1.832581
тянуть,2.65926
тянуться,4.60517
тёмный,2.813411
тёплый,3.506558
убавиться,4.60517
убедительно,2.65926
убедительный,3.218876
убедиться,2.65926
убежать,4.60517
убеждать,2.995732
убеждаться,4.60517
убеждение,2.65926
убеждённый,3.218876
уберечься,4.60517
убивать,2.65926
убийца,2.995732
убирать,3.218876
убить,1.832581
убогий,4.60517
уборка,3.506558
уборочный,4.60517
уборщик,3.912023
убрать,1.660731
убраться,4.60517
убыль,4.60517
убыток,2.65926
убыточность,4.60517
убыточный,3.506558
уважаемый,4.60517
уважать,3.912023
уважение,3.506558
уважительный,4.60517
увар,4.60517
уведомить,3.912023
уведомление,2.65926
уведомлять,3.912023
увезти,4.60517
увеличение,3.218876
увеличивать,2.65926
увеличиваться,3.506558
увеличилка,3.506558
увеличить,2.040221
увеличиться,2.813411
увенс,4.60517
уверенно,2.207275
уверенность,2.65926
уверенный,2.407946
уверить,2.65926
уверовать,4.60517
уверять,3.506558
увести,4.60517
увещевание,4.60517
увидеть,1.427116
увиличивать,4.60517
увильнуть,4.60517
увлекательно,3.506558
увлекательный,4.60517
увлечение,4.60517
увлечь,3.506558
увлечься,4.60517
уволить,2.525729
уволиться,4.60517
увольнение,2.65926
увольнять,3.912023
увольняться,4.60517
увы,3.506558
угадайка,3.218876
угадывание,4.60517
угадывать,4.60517
угаснуть,4.60517
угледобывающий,4.60517
углепластик,4.60517
углеродный,3.912023
углубить,4.60517
углубиться,3.912023
углубление,4.60517
углублённый,4.60517
угнаться,3.912023
угнетать,4.60517
уговаривать,4.60517
угодить,4.60517
угодный,2.302585
угол,2.65926
уголовный,2.813411
уголок,3.912023
уголь,3.912023
угонять,4.60517
угроза,1.966113
удаваться,2.407946
удаление,1.386294
удалить,2.65926
удалиться,4.60517
удалять,2.65926
удаляться,4.60517
удалёнка,3.506558
удалённый,1.514128
удалёнщик,2.813411
удар,2.813411
ударить,3.506558
ударный,3.912023
удаться,1.966113
удача,3.912023
удачно,4.60517
удачный,2.995732
удвоение,4.60517
уделить,2.120264
уделывать,4.60517
уделять,4.60517
удержание,3.912023
удержать,3.912023
удержаться,4.60517
удерживать,2.525729
удерживаться,4.60517
удивительно,2.813411
удивительный,3.506558
удивить,3.912023
удивиться,3.912023
удивление,4.60517
удивлять,3.506558
удивляться,3.506558
удлинение,4.60517
удлинённый,4.60517
удмуртия,4.60517
удмуртский,4.60517
удобно,1.832581
удобный,1.021651
удобрение,3.912023
удобство,2.302585
удовлетворять,4.60517
удовлетворяться,4.60517
удовольствие,2.813411
удорожание,4.60517
удостоверить,3.912023
удостоверять,4.60517
удостоверяться,4.60517
уезжать,4.60517
уехать,3.506558
ужас,3.506558
ужасно,4.60517
ужасный,2.525729
ужесточаться,3.912023
ужесточение,2.407946
ужесточить,4.60517
уживаться,4.60517
ужин,3.506558
узбекистан,3.506558
узел,2.813411
узкий,2.040221
узкоспециализированный,4.60517
узкофюзеляжник,4.60517
узнаваемость,4.60517
узнавать,3.218876
узнать,0.867501
уильям,3.912023
уйти,1.139434
ук,3.912023
указ,4.60517
указанан,4.60517
указание,3.506558
указанный,2.65926
указатель,2.813411
указать,2.120264
указывать,1.89712
указываться,3.218876
уклад,4.60517
укладываться,3.506558
уклонение,3.912023
уклоняться,3.912023
укр,4.60517
украина,2.120264
украинский,3.506558
украсить,3.912023
украсть,3.912023
украшательство,3.912023
украшение,3.912023
укрепить,3.218876
укрепление,4.60517
укротить,4.60517
укрыться,4.60517
ул,4.60517
улететь,3.912023
улика,3.912023
улитка,4.60517
улица,1.966113
уличный,4.60517
уловить,3.912023
уловка,4.60517
уложиться,4.60517
улучшать,2.525729
улучшение,1.714798
улучшитель,4.60517
улучшить,2.813411
улыбка,3.506558
улыбчивый,4.60517
ультрадешёвый,4.60517
ультразвуковой,3.912023
ультракомпактный,4.60517
ультраправый,4.60517
ультрареальность,4.60517
ульяна,3.912023
ульяновск,4.60517
ульяновский,4.60517
уля,4.60517
ум,1.771957
умберто,4.60517
умелец,4.60517
умение,2.813411
уменьшать,3.506558
уменьшаться,4.60517
уменьшение,4.60517
уменьшить,2.65926
уменьшиться,3.912023
умеренный,4.60517
умереть,1.203973
умерший,3.912023
уместить,3.218876
уместиться,3.506558
уместный,3.912023
уметь,0.776529
умещаться,4.60517
умирать,3.218876
умник,4.60517
умно,3.912023
умножать,3.912023
умножение,4.60517
умножить,4.60517
умный,0.941609
умолчание,2.040221
умолчать,4.60517
умудриться,3.912023
умудряться,3.912023
умывание,4.60517
умышленный,4.60517
унаследовать,4.60517
универсальный,1.560648
университет,2.040221
университетский,4.60517
унижать,4.60517
унижение,4.60517
уникальный,1.771957
унитарный,4.60517
уничтожать,2.813411
уничтожаться,4.60517
уничтожение,2.995732
уничтожить,2.302585
унылый,4.60517
упадок,4.60517
упаковать,3.506558
упаковывать,3.506558
упарываться,4.60517
упасть,2.525729
упд,4.60517
упереться,3.912023
упираться,2.65926
уплата,3.912023
уплачивать,3.912023
уплотнение,4.60517
уплотнитель,4.60517
уполномоченный,3.506558
уполномочить,4.60517
упоминание,2.995732
упоминаться,3.218876
упомянуть,2.525729
упор,2.407946
упорно,3.218876
упорство,4.60517
упорядочить,3.506558
употребление,3.912023
управленец,3.912023
управление,0.314711
управленческий,2.995732
управляемость,3.506558
управляемый,1.660731
управлять,1.07881
управляться,2.995732
упражнение,4.60517
упростить,1.771957
упрощать,3.912023
упрощаться,3.912023
упрощение,2.525729
упрощенок,4.60517
уптк,4.60517
упускать,3.218876
уравнение,3.912023
урал,3.506558
уралкалий,4.60517
уралхий,4.60517
уран,4.60517
урбанизированный,4.60517
урегулирование,3.912023
урегулировать,3.506558
урезанный,3.912023
урезать,3.912023
уровень,0.162519
уродство,4.60517
урожай,3.912023
урок,2.813411
усвоение,4.60517
усвоить,4.60517
усиление,3.506558
усиленный,3.506558
усиливать,2.813411
усиливаться,3.912023
усилие,2.302585
усилитель,4.60517
усилить,2.525729
ускользать,3.218876
ускорение,2.040221
ускоритель,2.995732
ускорить,1.966113
ускориться,4.60517
ускорять,3.218876
условие,0.673345
условно,2.813411
условность,4.60517
условный,2.65926
усложнение,3.912023
усложнить,4.60517
усложниться,3.912023
усложнять,2.813411
усложняться,3.912023
услуга,0.083382
услышать,2.525729
усматриваться,4.60517
усмотрение,3.218876
усн,3.506558
усовершенствовать,4.60517
усомниться,3.506558
успевать,2.407946
успеть,1.660731
успех,1.89712
успешно,2.995732
успешность,3.506558
успешный,2.040221
успокаивать,3.912023
успокоиться,3.506558
уста,3.506558
устав,4.60517
уставать,2.995732
устаканиться,3.912023
устало,4.60517
усталость,3.506558
устанавливать,2.120264
устанавливаться,4.60517
установить,1.609438
установка,1.560648
установление,3.912023
установленный,2.525729
установочный,4.60517
устаревание,4.60517
устаревать,3.506558
устаревший,2.65926
устареть,3.218876
устать,2.207275
устный,4.60517
устойчивость,2.525729
устойчивый,2.120264
устояться,4.60517
устраивать,2.302585
устраиваться,3.506558
устранение,2.525729
устранить,2.995732
устранять,4.60517
устремить,4.60517
устремление,4.60517
устроенный,1.771957
устроить,1.139434
устроиться,4.60517
устройство,0.198451
уступать,2.65926
уступка,4.60517
усть,4.60517
устькузьминск,4.60517
устьянец,4.60517
усугубить,3.506558
усугублять,3.912023
усугубляться,4.60517
утвеждения,4.60517
утвердить,3.912023
утверждать,2.040221
утверждение,2.302585
утекать,3.912023
утерять,3.912023
утечка,2.65926
утечь,4.60517
утешение,3.912023
утз,4.60517
утилизатор,3.912023
утилизация,4.60517
утилит,3.506558
утилита,3.506558
утилитарный,4.60517
утиль,4.60517
уткнуться,4.60517
утомлять,4.60517
утонуть,3.506558
утопия,3.506558
уточнение,2.407946
уточнить,2.120264
уточнять,3.218876
уточняться,4.60517
утрата,3.912023
утратенко,4.60517
утренний,3.912023
утро,2.207275
утром,2.995732
утюг,3.912023
утюжный,4.60517
утянуть,4.60517
уфнс,3.912023
ухаб,4.60517
ухо,3.912023
уход,1.660731
уходить,1.714798
ухудшение,4.60517
ухудшиться,4.60517
участвовать,1.660731
участие,1.108663
участник,1.660731
участок,2.525729
участь,4.60517
учащаться,3.912023
учебник,2.813411
учебный,1.714798
ученик,3.506558
учесть,2.813411
учитель,3.218876
учительница,4.60517
учитывать,1.771957
учитываться,2.813411
учить,1.714798
учиться,2.040221
учреждение,3.912023
учтивость,4.60517
учёба,3.506558
учёный,1.832581
учёт,1.514128
учётный,2.407946
ушаков,4.60517
ущерб,2.207275
уэбба,4.60517
уэльский,4.60517
уэст,4.60517
уютный,3.506558
уязвимость,1.771957
уязвимый,3.218876
уяснять,4.60517
ф,4.60517
фаба,4.60517
фабрика,2.525729
фабричный,3.912023
фаза,2.040221
фаззинга,4.60517
файзий,3.218876
файл,0.820981
файловый,2.525729
факс,4.60517
факт,1.272966
фактически,2.040221
фактический,3.506558
факто,2.302585
фактор,1.203973
факторинг,4.60517
фактура,4.60517
факультет,3.218876
фальтингс,4.60517
фамилия,2.995732
фамипий,4.60517
фанатизм,4.60517
фанера,4.60517
фановый,4.60517
фантазийный,4.60517
фантазировать,3.912023
фантазия,3.218876
фантаст,3.506558
фантастика,2.813411
фантастический,2.65926
фармацевтический,3.218876
фарфоровый,3.912023
фас,2.813411
фасад,3.912023
фаска,4.60517
фастовца,4.60517
фастфуд,4.60517
фатальный,4.60517
фау,4.60517
фбр,4.60517
фбу,4.60517
фгк,4.60517
фев,2.302585
февраль,1.660731
федеральный,1.514128
федерация,2.65926
федотов,4.60517
фейк,3.506558
фейковый,4.60517
фейл,4.60517
фейсбук,4.60517
фейсконтроль,3.506558
феномен,3.218876
ферма,2.995732
ферментативный,4.60517
фермер,3.912023
фермерский,4.60517
феррари,4.60517
феррат,4.60517
фестиваль,3.912023
фетиш,4.60517
фз,2.525729
фиаско,4.60517
фига,3.912023
фигня,4.60517
фигура,4.60517
фигурант,4.60517
фигурирование,4.60517
фигурировать,3.506558
фигурный,4.60517
фидбэк,4.60517
физ,4.60517
физик,3.912023
физика,2.302585
физиологический,3.912023
физиология,4.60517
физически,2.995732
физический,1.237874
физлицо,2.995732
фикс,3.912023
фиксила,4.60517
фиксинг,4.60517
фиксировать,1.89712
фиксироваться,3.912023
фиксит,3.912023
филантроп,4.60517
филдовский,3.912023
филиальный,4.60517
филипп,3.912023
филолог,3.912023
филоненко,4.60517
философ,3.912023
философия,2.302585
философский,3.506558
фильм,2.040221
фильтр,1.514128
фильтрация,2.65926
фильтровать,3.912023
фильтроваться,4.60517
фимка,4.60517
фина,3.218876
финал,1.89712
финальный,2.65926
финанс,4.60517
финансирование,1.966113
финансировать,3.912023
финансист,4.60517
финансово,3.912023
финансовый,1.427116
финансы,1.386294
финдира,4.60517
финляндия,4.60517
финмодель,3.912023
финн,4.60517
финский,4.60517
финтех,2.813411
финуниверситет,4.60517
фио,3.912023
фирма,2.525729
фирменный,3.506558
фискальный,3.912023
фитнес,3.912023
фича,1.832581
фишинга,3.912023
фишинговый,3.506558
фишка,2.813411
флаг,2.65926
флагман,4.60517
флагманский,3.218876
флажок,4.60517
фламинго,4.60517
флант,3.912023
флешка,3.912023
флорида,4.60517
флот,3.218876
флоу,4.60517
флэта,4.60517
флёша,4.60517
фнс,3.218876
фоить,4.60517
фокус,2.525729
фокусироваться,4.60517
фоллоу,3.912023
фольга,4.60517
фон,1.427116
фонд,2.120264
фондовый,3.912023
фоновый,3.506558
форекс,4.60517
форк,3.218876
форкайт,4.60517
форма,1.171183
формализация,4.60517
формализованный,3.506558
формализовать,3.912023
формализоваться,4.60517
формально,2.407946
формальность,3.912023
формальный,2.407946
формат,0.967584
форматирование,4.60517
форматтер,4.60517
формирование,2.407946
формировать,1.714798
формироваться,2.120264
формошлёпный,4.60517
формула,2.207275
формулировать,3.506558
формулировка,2.302585
форс,4.60517
фортуна,4.60517
форум,2.302585
фосагро,4.60517
фотка,3.912023
фото,1.609438
фотоаппарат,4.60517
фотограмметрический,4.60517
фотограф,2.995732
фотографировать,4.60517
фотографический,4.60517
фотография,2.302585
фотокамера,4.60517
фотокорреспондент,4.60517
фотон,4.60517
фоторезист,4.60517
фоторепортаж,4.60517
фототехник,3.912023
фотошоп,3.506558
фпк,4.60517
фрагмент,2.65926
фрагментировать,4.60517
фраза,1.89712
фразовый,4.60517
фракция,3.912023
франкинштейн,4.60517
франклый,4.60517
франциско,4.60517
франция,3.218876
француз,4.60517
французский,3.912023
франшиза,4.60517
фреза,3.912023
фрезерный,4.60517
фрезеровать,4.60517
фрезеровщик,4.60517
фрейм,4.60517
фреймворк,1.832581
фреймитя,4.60517
фридрих,4.60517
фриланс,2.813411
фрилансер,3.218876
фронт,3.506558
фронтальный,4.60517
фронтенд,2.65926
фронтендер,2.995732
фронтер,4.60517
фронтереть,4.60517
фронтирный,4.60517
фронтовой,4.60517
фрп,4.60517
фрукт,4.60517
фрэнк,4.60517
фсб,4.60517
фстэк,2.525729
фтех,4.60517
фугасный,4.60517
фудзь,4.60517
фулла,4.60517
фултайм,4.60517
фундамент,2.995732
фундаментально,2.813411
фундаментальный,2.525729
функционал,1.966113
функциональность,3.506558
функциональный,2.407946
функционирование,2.65926
функционировать,3.912023
функция,0.733969
фура,3.912023
футболка,3.912023
футуристика,4.60517
футуристический,4.60517
футурология,4.60517
фучко,3.912023
фюзеляж,3.506558
фёдор,3.506558
х,1.89712
хаб,3.912023
хаба,0.261365
хабаровск,3.912023
хабаровский,4.60517
хаббловский,4.60517
хаббнуть,4.60517
хабра,0.235722
хабрачеловек,4.60517
хаброжитель,3.912023
хабром,3.912023
хадверной,4.60517
хайп,2.207275
хайпарк,4.60517
хайповать,4.60517
хайповый,3.506558
хайповыя,3.506558
хайстекс,4.60517
хак,2.65926
хакасия,4.60517
хакатон,4.60517
хакер,2.65926
хакерский,4.60517
хаки,4.60517
халат,4.60517
халва,4.60517
халявщик,4.60517
халяль,4.60517
хамить,4.60517
хамский,4.60517
хамство,4.60517
ханин,4.60517
ханипот,3.912023
хант,3.912023
хаодун,4.60517
хаос,1.427116
хаотический,4.60517
хаотичный,2.525729
хара,4.60517
характер,2.207275
характеризовать,4.60517
характеризоваться,3.912023
характерискик,4.60517
характеристика,1.966113
характерный,3.912023
хард,4.60517
хардверной,4.60517
хардкор,4.60517
хардкорный,4.60517
харизма,3.912023
харнесса,4.60517
харьковский,4.60517
хасан,4.60517
хассабис,4.60517
хвалить,4.60517
хватать,1.89712
хвататься,4.60517
хватить,1.203973
хвост,4.60517
хегсет,4.60517
хедман,4.60517
хекслёт,1.832581
хендмейд,4.60517
херобора,4.60517
хеш,4.60517
хидек,4.60517
хижина,4.60517
химикат,4.60517
химический,2.813411
химия,2.813411
химкинский,4.60517
хината,4.60517
хирург,3.912023
хирургия,3.912023
хит,3.912023
хитро,4.60517
хитрый,3.218876
хк,4.60517
хлопоты,4.60517
хлорный,4.60517
хлуткова,4.60517
хлуток,4.60517
хобби,3.218876
ход,1.469676
ходатайство,4.60517
ходить,1.966113
ходовой,3.912023
ходьба,4.60517
ходячий,4.60517
хозяин,4.60517
хозяйственно,4.60517
хозяйственный,4.60517
хозяйство,2.525729
хокага,4.60517
хоккеист,4.60517
холдинг,2.995732
холестерин,4.60517
холивар,3.912023
холм,4.60517
холод,4.60517
холодильник,3.912023
холодное,2.65926
холодный,3.912023
холст,3.912023
хомосапиенс,4.60517
хомутов,4.60517
хончить,4.60517
хореограф,4.60517
хоронить,4.60517
хорошево,4.60517
хорошенько,4.60517
хороший,0.127833
хоспад,4.60517
хост,3.506558
хостер,4.60517
хостинг,2.525729
хостинговый,4.60517
хотелок,4.60517
хотеть,0.400478
хотеться,1.07881
хоттон,4.60517
хотя,1.07881
хоуслить,4.60517
хоффенберг,4.60517
хоффман,4.60517
хранение,1.609438
хранилище,1.832581
хранить,1.771957
храниться,2.120264
храп,4.60517
хренников,4.60517
хромать,3.506558
хроника,4.60517
хронический,3.506558
хронология,2.813411
хронометраж,4.60517
хрупкий,4.60517
хрусталёв,4.60517
ху,4.60517
хуан,3.912023
хуанга,4.60517
худо,4.60517
художественный,2.813411
художник,3.218876
хук,3.218876
хх,4.60517
хэширование,4.60517
ц,3.912023
цаги,4.60517
цалкина,4.60517
цаплина,4.60517
цапон,4.60517
царить,4.60517
царский,4.60517
царь,4.60517
цахать,2.302585
цб,1.771957
цбк,4.60517
цвести,4.60517
цвет,2.813411
цветной,4.60517
цветовой,4.60517
цветок,4.60517
цветочный,4.60517
цгб,4.60517
цезарь,4.60517
цейдлера,4.60517
целевой,2.407946
целенаправленно,2.995732
целенаправленность,4.60517
целенаправленный,3.506558
целесообразность,4.60517
целесообразный,4.60517
целиком,2.040221
целое,1.560648
целостность,3.506558
целостный,4.60517
целуновый,4.60517
целый,1.021651
цель,0.597837
цельный,3.912023
цемент,4.60517
цементум,4.60517
цемроса,4.60517
цена,0.916291
цензор,4.60517
цензура,3.506558
ценитель,4.60517
ценить,3.912023
цениться,3.912023
ценник,3.506558
ценность,1.514128
ценный,1.966113
ценовый,2.995732
ценообразование,2.995732
центр,0.967584
централизация,4.60517
централизованно,3.912023
централизованный,4.60517
централизовать,3.912023
центральный,2.207275
центробанк,3.912023
цеплять,3.506558
цепочка,2.040221
церемониться,4.60517
церемония,4.60517
церн,4.60517
цес,4.60517
цех,3.218876
циан,4.60517
цивилизация,3.218876
цикл,1.203973
циклический,4.60517
цикломатический,3.506558
цинично,4.60517
циолковский,4.60517
цирк,4.60517
циркадный,3.912023
циск,4.60517
цитата,3.506558
цитировать,4.60517
цитироваться,4.60517
цитируемость,4.60517
циферблат,3.912023
цифра,0.967584
цифровизация,3.912023
цифровой,1.309333
цкм,4.60517
цод,3.218876
цода,3.912023
цолликофер,4.60517
цп,4.60517
црб,4.60517
цру,3.912023
цска,2.302585
ч,2.65926
чаемый,4.60517
чай,4.60517
чайник,3.912023
чарли,4.60517
чарльз,4.60517
чарт,4.60517
час,0.328504
часами,3.506558
часовой,3.218876
частенько,3.506558
частица,3.218876
частично,2.407946
частичный,2.120264
частное,4.60517
частность,2.407946
частный,1.514128
часто,0.597837
частота,2.65926
частый,1.049822
часть,0.198451
часцовый,4.60517
часы,2.302585
чат,1.021651
чатбот,4.60517
чатик,4.60517
чашечка,4.60517
чашка,4.60517
че,4.60517
чебуречный,4.60517
чей,1.966113
чек,1.832581
чеканный,4.60517
чекиниться,3.912023
чеклист,3.218876
чековый,4.60517
челлендж,3.912023
челленджа,3.912023
человек,0.210721
человеко,4.60517
человеколюбие,4.60517
человекоподобный,4.60517
человекочитать,4.60517
человечески,3.506558
человеческий,1.714798
человечество,1.89712
человечность,3.218876
человечный,3.506558
челюсть,4.60517
челябинск,4.60517
челябинский,4.60517
челябинскспецгражданстрой,4.60517
чемодан,3.912023
чемпионат,3.912023
чемпионка,2.407946
чепуха,4.60517
чепуховый,4.60517
червоточина,3.912023
череда,3.912023
чередование,4.60517
черкесский,4.60517
чернила,4.60517
чернобыль,4.60517
черновик,3.506558
черногория,4.60517
черноземье,4.60517
черта,2.995732
чертовски,4.60517
чертёж,2.995732
черчение,4.60517
честно,1.966113
честной,1.660731
честный,2.207275
честь,3.218876
чета,4.60517
четверг,3.218876
четвереньки,4.60517
четверо,3.912023
четверть,4.60517
четвёртый,2.120264
четыре,0.994252
четыреста,4.60517
четырехслойный,4.60517
четырёхдверный,4.60517
четырёхдневный,4.60517
четырёхзвёздочный,4.60517
четырёхлетний,4.60517
четырёхслойный,3.912023
чехия,3.912023
чехов,4.60517
чеченский,4.60517
чизкейк,4.60517
чикаго,3.912023
чинить,2.525729
чиновник,3.506558
чип,1.89712
чипсет,2.995732
численность,1.660731
числитель,3.506558
число,0.776529
числовой,3.218876
чистилище,4.60517
чистить,3.218876
чистка,4.60517
чисто,2.525729
чистовой,2.995732
чистота,4.60517
чистый,1.660731
читаемый,3.912023
читалка,4.60517
читальный,1.469676
читатель,0.261365
читательский,4.60517
читать,0.356675
читаться,3.218876
чих,3.506558
чичаева,4.60517
чичаевой,4.60517
член,3.218876
чм,2.302585
чпу,3.912023
чрезвычайно,3.912023
чрезвычайный,2.207275
чрезмерно,3.506558
чрезмерный,4.60517
чс,4.60517
чтение,2.302585
чтиво,4.60517
что,1.049822
чувашский,4.60517
чувствительность,4.60517
чувствительный,2.995732
чувство,1.660731
чувствовать,1.89712
чувствоваться,4.60517
чудесно,4.60517
чудо,2.207275
чудовищный,4.60517
чудотворец,4.60517
чуждый,4.60517
чужое,3.506558
чужой,1.832581
чукотский,4.60517
чумазый,4.60517
чуткий,3.912023
чутьё,4.60517
чушь,4.60517
чёрный,2.040221
чёткий,2.525729
чётко,2.995732
чёткость,4.60517
шаблон,2.040221
шаблонный,4.60517
шаболовский,4.60517
шаг,0.867501
шагиахмет,4.60517
шагнуть,4.60517
шагомер,3.912023
шайба,4.60517
шальной,4.60517
шаманизм,4.60517
шаманство,4.60517
шана,3.912023
шанс,2.302585
шапка,4.60517
шаповаленко,4.60517
шапокляк,3.912023
шар,3.506558
шариат,4.60517
шариатский,4.60517
шариковый,4.60517
шарлеманема,4.60517
шарнир,4.60517
шатдаун,2.302585
шахта,4.60517
швейка,4.60517
швейный,4.60517
швейцария,3.218876
швеция,4.60517
шебекинский,4.60517
шевяковка,4.60517
шедевр,3.218876
шедулера,4.60517
шекли,4.60517
шелупонить,4.60517
шеннон,4.60517
шептать,4.60517
шереметьево,4.60517
шероховатость,4.60517
шестерёнка,3.912023
шестизначный,3.506558
шестичасовой,4.60517
шестнадцатеричный,4.60517
шестой,3.218876
шесть,1.386294
шестьдесят,4.60517
шеф,3.912023
шикамар,4.60517
шимур,4.60517
шина,2.207275
шиный,4.60517
ширина,4.60517
ширинка,4.60517
широкий,1.609438
широко,3.506558
широта,3.506558
широченный,3.218876
шить,4.60517
шитьё,4.60517
шифрование,2.65926
шифт,4.60517
шишка,4.60517
шкала,2.995732
шкаф,3.912023
шквал,4.60517
школа,2.040221
школьник,3.218876
школьница,4.60517
школьный,3.506558
шкура,3.912023
шлак,4.60517
шланг,4.60517
шлифовать,4.60517
шлифовщик,4.60517
шлюз,2.995732
шляпа,3.912023
шмотьё,4.60517
шмыгаль,4.60517
шник,4.60517
шный,4.60517
шов,4.60517
шойгу,4.60517
шок,4.60517
шокировать,3.912023
шоковый,4.60517
шорткат,4.60517
шортс,4.60517
шорты,4.60517
шоссе,4.60517
шотландец,4.60517
шоу,3.506558
шоурум,4.60517
шохин,4.60517
шпаргалка,3.912023
шпионский,4.60517
шпунт,4.60517
шрифт,2.995732
штаб,3.912023
штамп,3.218876
штамповать,4.60517
штамповка,4.60517
штаны,4.60517
штат,2.525729
штатный,4.60517
штерн,4.60517
шторм,3.506558
штраф,1.832581
штрафовать,3.912023
штука,1.660731
штурвал,3.506558
штурм,3.912023
штурмовать,3.506558
штучный,4.60517
шулеп,4.60517
шум,2.120264
шумер,3.506558
шумно,3.506558
шумный,3.912023
шумовой,4.60517
шумоподавление,4.60517
шуршать,4.60517
шустрый,4.60517
шутить,4.60517
шутка,3.506558
шютц,3.912023
шёпотом,4.60517
щ,4.60517
щебень,4.60517
щедро,3.912023
щедрость,4.60517
щелчок,3.506558
щель,4.60517
щербаков,4.60517
щербина,4.60517
щиколотка,4.60517
щит,3.912023
щёлкать,4.60517
щёлкнуть,4.60517
щёлково,4.60517
щётка,4.60517
ъ,4.60517
ы,3.912023
ь,4.60517
э,4.60517
эвента,4.60517
эвкалипт,4.60517
эвм,3.912023
эвод,4.60517
эволюционный,3.912023
эволюция,2.207275
эго,3.912023
эгоцентризм,4.60517
эдакий,4.60517
эдди,4.60517
эджайла,4.60517
эдинбургский,3.506558
эдисон,4.60517
эдриенна,4.60517
эдуард,4.60517
эйндховен,4.60517
эйфмана,4.60517
эйфория,4.60517
эйч,4.60517
эйчар,3.912023
эквивалент,4.60517
эквивалентный,3.912023
экзамен,3.912023
экземпляр,2.995732
экзистенциальный,4.60517
экзита,4.60517
экзокортекс,3.506558
экзопланета,4.60517
экзорцист,4.60517
экзоскелет,3.506558
экзотика,2.813411
экзотический,3.912023
экипаж,3.506558
экологический,4.60517
экологичный,3.506558
экология,2.995732
эконом,3.912023
экономика,1.347074
экономист,3.218876
экономить,2.525729
экономически,3.912023
экономический,1.89712
экономия,3.506558
экономка,4.60517
экономный,4.60517
экосистема,1.469676
экоторг,4.60517
экран,1.514128
экранизация,4.60517
экранный,4.60517
экс,3.218876
эксель,4.60517
эксклюзивный,4.60517
экскурсия,2.65926
экспансия,4.60517
экспедиторский,4.60517
экспедиция,3.912023
эксперимент,1.108663
экспериментальный,2.813411
экспериментировать,2.65926
эксперт,1.832581
экспертиза,2.120264
экспертный,2.65926
эксплуатант,4.60517
эксплуататорский,3.912023
эксплуатационный,4.60517
эксплуатация,1.771957
эксплуатировать,3.506558
эксплуатируемость,4.60517
экспоненциально,4.60517
экспонировать,4.60517
экспорт,2.813411
экспортировать,2.65926
экспортный,3.912023
экспоцентр,4.60517
экспресс,4.60517
экстерриториальный,3.912023
экстерьер,4.60517
экстремальный,3.506558
экстремистский,3.218876
экстренный,3.912023
эл,3.912023
эластичность,4.60517
элвуд,4.60517
элджернон,4.60517
элегантный,4.60517
электра,4.60517
электрик,3.912023
электрический,2.995732
электричество,2.995732
электричка,3.912023
электро,4.60517
электробус,4.60517
электрогитара,4.60517
электрогитарный,3.912023
электродвигатель,4.60517
электродвижение,4.60517
электрокар,4.60517
электроконнект,4.60517
электромагнит,4.60517
электромагнитный,4.60517
электромобиль,3.506558
электромонтажник,4.60517
электрон,4.60517
электроника,1.347074
электронный,1.560648
электропередача,3.912023
электропривод,4.60517
электрорешение,4.60517
электросамокат,3.912023
электросеть,4.60517
электроснабжение,3.506558
электросталь,4.60517
электростанция,3.506558
электротехнический,4.60517
электрошокер,4.60517
электроэйфория,4.60517
электроэнергетика,4.60517
электроэнергия,3.218876
элемент,1.560648
элементарный,3.218876
элиасон,4.60517
элита,3.912023
элитный,3.506558
эллиптический,4.60517
эльдорадо,3.912023
эльмир,4.60517
эмаль,4.60517
эмбеддинг,3.912023
эмбрион,4.60517
эмиграция,4.60517
эмитент,4.60517
эмоциональный,2.525729
эмоция,1.832581
эмпатия,3.912023
эмпермайя,4.60517
эмпирический,4.60517
эмулятор,3.506558
эмуляция,3.218876
эн,4.60517
энгельс,4.60517
энд,4.60517
эндпоинт,3.912023
эндрю,3.912023
энейблер,4.60517
энергетика,2.65926
энергетический,2.995732
энергия,1.966113
энерго,3.912023
энергокризис,4.60517
энергоник,4.60517
энергопотребление,3.506558
энергосеть,4.60517
энергоснабжение,4.60517
энергоэффективность,4.60517
энергоэффективный,3.506558
энерджи,4.60517
энн,4.60517
энтерпрайз,4.60517
энтерпрайза,3.218876
энтузиаст,2.302585
энциклопедия,3.912023
энцо,4.60517
эп,4.60517
эпизод,3.218876
эпик,4.60517
эпикарта,4.60517
эпицентр,4.60517
эпический,4.60517
эпичность,4.60517
эпичный,4.60517
эпоксидный,3.912023
эпоха,1.469676
эпштейн,2.525729
эра,2.040221
эрарт,4.60517
эргономика,4.60517
эргономичный,4.60517
эрмитаж,4.60517
эротика,4.60517
эротический,3.912023
эса,4.60517
эссе,4.60517
эстетический,3.506558
эстония,4.60517
эстонский,4.60517
этаж,2.813411
этажный,4.60517
этак,4.60517
этакий,4.60517
эталон,3.912023
эталонный,3.506558
этап,1.237874
этика,3.912023
этико,4.60517
этичный,4.60517
этнический,4.60517
это,0.020203
этот,0.150823
этп,4.60517
этьен,4.60517
эфективный,4.60517
эфемерный,4.60517
эфес,4.60517
эфир,3.218876
эффект,1.347074
эффективно,2.407946
эффективность,1.469676
эффективный,1.427116
эффектно,4.60517
эхо,3.912023
эшелон,3.912023
эшелонировать,3.506558
ю,3.912023
юбилейный,4.60517
ювелирный,3.912023
юг,3.506558
югк,4.60517
юго,4.60517
югра,4.60517
южнокорейский,3.912023
южный,3.912023
юзал,4.60517
юзать,4.60517
юзер,2.525729
юлия,3.506558
юнилевера,4.60517
юнирусь,4.60517
юнистат,4.60517
юнит,2.207275
юность,4.60517
юношество,4.60517
юный,4.60517
юпитер,4.60517
юра,3.912023
юрбэк,4.60517
юревич,4.60517
юридически,4.60517
юридический,2.040221
юрий,3.218876
юрин,4.60517
юрисдикция,3.506558
юриспруденция,4.60517
юрист,2.525729
юрлицо,3.218876
юстиция,4.60517
ютаки,4.60517
ютуба,4.60517
я,2.65926
яб,4.60517
яблоко,3.912023
ява,4.60517
явиться,4.60517
явка,3.912023
явление,2.407946
являться,0.733969
явно,2.525729
явный,3.218876
ядерный,1.89712
ядиск,4.60517
ядро,1.514128
язык,0.210721
языковой,1.609438
якобы,3.506558
яков,4.60517
яковлев,4.60517
якорь,3.506558
якутия,4.60517
ям,4.60517
яма,3.506558
ямало,3.912023
ямщик,4.60517
ян,4.60517
янв,2.65926
январский,3.506558
январь,1.966113
яндекс,0.210721
янос,4.60517
янукович,4.60517
японец,4.60517
япония,2.813411
японский,2.813411
яркий,2.302585
ярко,4.60517
яркость,2.995732
ярлык,4.60517
ярославский,3.912023
ясно,3.218876
ясность,3.218876
ясный,2.302585
яу,4.60517
яхта,3.912023
яценко,4.60517
ячейка,3.912023
ящик,2.65926
ё,3.912023
ёкой,4.60517
ёлочка,4.60517
ёмкость,3.912023
